source,league.year,league.name,ident,person.ref,person.name.last,person.name.given,S_STINT,entry.name,B_G,P_G,F_1B_G,F_2B_G,F_3B_G,F_SS_G,F_OF_G,F_LF_G,F_CF_G,F_RF_G,F_C_G,F_P_G,F_ALL_G
minoraverages/1948TSN,1947,Coastal Plain League,,B01706,Alamo,Joseph,0,Greenville,36,,,,,,,,,,,,
minoraverages/1948TSN,1947,Coastal Plain League,,F21502,Alamo,,0,Greenville,,,,,,,,,,,,,36
minoraverages/1948TSN,1947,Coastal Plain League,,P10503,Alamo,,0,Greenville,,34,,,,,,,,,,,
minoraverages/1948TSN,1947,Coastal Plain League,,B01300,Alusik,Stephen J.,0,Rocky Mount,14,,,,,,,,,,,,
minoraverages/1948TSN,1947,Coastal Plain League,,F20327,Alusik,,0,Rocky Mount,,,,,,,,,,,,,14
minoraverages/1948TSN,1947,Coastal Plain League,,B01779,Anderson,William E.,0,Greenville,20,,,,,,,,,,,,
minoraverages/1948TSN,1947,Coastal Plain League,,F21822,Anderson,,0,Greenville,,,,,,,,,,,,,20
minoraverages/1948TSN,1947,Coastal Plain League,,P10407,Anderson,,0,Greenville,,8,,,,,,,,,,,
minoraverages/1948TSN,1947,Coastal Plain League,,B01032,Andrewsh,Kenneth,0,Tarboro,135,,,,,,,,,,,,
minoraverages/1948TSN,1947,Coastal Plain League,,F20526,Andrewsh,,0,Tarboro,,,,,,,,,,,,,135
minoraverages/1948TSN,1947,Coastal Plain League,,B01345,Andriach,Nicholas R.,0,New Bern,120,,,,,,,,,,,,
minoraverages/1948TSN,1947,Coastal Plain League,,F20316,Andriach,,0,New Bern,,,,,,,,,,,,,120
minoraverages/1948TSN,1947,Coastal Plain League,,B01064,Askew,Charles F.,0,Wilson,42,,,,,,,,,,,,
minoraverages/1948TSN,1947,Coastal Plain League,,F20956,Askew,,0,Wilson,,,,,,,,,,,,,42
minoraverages/1948TSN,1947,Coastal Plain League,,B01392,Baldwin,Ellaire F. (Larry),0,Greenville,50,,,,,,,,,,,,
minoraverages/1948TSN,1947,Coastal Plain League,,F21623,Baldwin,,0,Greenville,,,,,,,,,,,,,50
minoraverages/1948TSN,1947,Coastal Plain League,,P10159,Baldwin,,0,Greenville,,33,,,,,,,,,,,
minoraverages/1948TSN,1947,Coastal Plain League,,B00450,Balentine,Curtis,0,Rocky Mount,138,,,,,,,,,,,,
minoraverages/1948TSN,1947,Coastal Plain League,,F20095,Balentine,,0,Rocky Mount,,,,,,,,,,,,,138
minoraverages/1948TSN,1947,Coastal Plain League,,B00210,Bangs,Lester M.,0,Wilson,101,,,,,,,,,,,,
minoraverages/1948TSN,1947,Coastal Plain League,,F21013,Bangs,,0,Wilson,,,,,,,,,,,,,101
minoraverages/1948TSN,1947,Coastal Plain League,,B00695,Barnes,David H.,0,Roanoke Rapids,14,,,,,,,,,,,,
minoraverages/1948TSN,1947,Coastal Plain League,,F20594,Barnes,,0,Roanoke Rapids,,,,,,,,,,,,,14
minoraverages/1948TSN,1947,Coastal Plain League,,B01630,Barton,Walter L.,0,Rocky Mount,25,,,,,,,,,,,,
minoraverages/1948TSN,1947,Coastal Plain League,,F21840,Barton,,0,Rocky Mount,,,,,,,,,,,,,25
minoraverages/1948TSN,1947,Coastal Plain League,,P10542,Barton,,0,Rocky Mount,,24,,,,,,,,,,,
minoraverages/1948TSN,1947,Coastal Plain League,,B01696,Baxter,William C.,0,Roanoke Rapids,18,,,,,,,,,,,,
minoraverages/1948TSN,1947,Coastal Plain League,,F20401,Baxter,,0,Roanoke Rapids,,,,,,,,,,,,,18
minoraverages/1948TSN,1947,Coastal Plain League,,B01086,Benton,Rex H.,1,Greenville,,,,,,,,,,,,,
minoraverages/1948TSN,1947,Coastal Plain League,,B01086,Benton,Rex H.,2,Rocky Mount,,,,,,,,,,,,,
minoraverages/1948TSN,1947,Coastal Plain League,,B01086,Benton,Rex H.,T,,29,,,,,,,,,,,,
minoraverages/1948TSN,1947,Coastal Plain League,,F21739,Benton,,1,Greenville,,,,,,,,,,,,,
minoraverages/1948TSN,1947,Coastal Plain League,,F21739,Benton,,2,Rocky Mount,,,,,,,,,,,,,
minoraverages/1948TSN,1947,Coastal Plain League,,F21739,Benton,,T,,,,,,,,,,,,,,29
minoraverages/1948TSN,1947,Coastal Plain League,,P10478,Benton,,1,Greenville,,,,,,,,,,,,,
minoraverages/1948TSN,1947,Coastal Plain League,,P10478,Benton,,2,Rocky Mount,,,,,,,,,,,,,
minoraverages/1948TSN,1947,Coastal Plain League,,P10478,Benton,,T,,,28,,,,,,,,,,,
minoraverages/1948TSN,1947,Coastal Plain League,,B01711,Bickel,Joseph W.,0,Roanoke Rapids,14,,,,,,,,,,,,
minoraverages/1948TSN,1947,Coastal Plain League,,F20298,Bickel,,0,Roanoke Rapids,,,,,,,,,,,,,14
minoraverages/1948TSN,1947,Coastal Plain League,,B01595,Bissette,Frank M.,0,Wilson,39,,,,,,,,,,,,
minoraverages/1948TSN,1947,Coastal Plain League,,F21544,Bissette,,0,Wilson,,,,,,,,,,,,,39
minoraverages/1948TSN,1947,Coastal Plain League,,P10113,Bissette,,0,Wilson,,37,,,,,,,,,,,
minoraverages/1948TSN,1947,Coastal Plain League,,B00381,Blackwell,Merle J.,0,Roanoke Rapids,135,,,,,,,,,,,,
minoraverages/1948TSN,1947,Coastal Plain League,,B01108,Blackwell,Verne C.,0,Rocky Mount,46,,,,,,,,,,,,
minoraverages/1948TSN,1947,Coastal Plain League,,F20829,Blackwell,V.,0,Rocky Mount,,,,,,,,,,,,,46
minoraverages/1948TSN,1947,Coastal Plain League,,F20997,Blackwell,M.,0,Roanoke Rapids,,,,,,,,,,,,,135
minoraverages/1948TSN,1947,Coastal Plain League,,B00609,Bomar,John M.,0,Greenville,116,,,,,,,,,,,,
minoraverages/1948TSN,1947,Coastal Plain League,,B01197,Bomar,William M.,0,Greenville,12,,,,,,,,,,,,
minoraverages/1948TSN,1947,Coastal Plain League,,F20102,Bomar,J.,0,Greenville,,,,,,,,,,,,,116
minoraverages/1948TSN,1947,Coastal Plain League,,F20612,Bomar,W.,0,Greenville,,,,,,,,,,,,,12
minoraverages/1948TSN,1947,Coastal Plain League,,B01321,Boseman,William J.,0,Roanoke Rapids,23,,,,,,,,,,,,
minoraverages/1948TSN,1947,Coastal Plain League,,F21475,Boseman,,0,Roanoke Rapids,,,,,,,,,,,,,23
minoraverages/1948TSN,1947,Coastal Plain League,,P10320,Boseman,,0,Roanoke Rapids,,21,,,,,,,,,,,
minoraverages/1948TSN,1947,Coastal Plain League,,B00985,Brooks,William J.,0,New Bern,58,,,,,,,,,,,,
minoraverages/1948TSN,1947,Coastal Plain League,,F21293,Brooks,,0,New Bern,,,,,,,,,,,,,58
minoraverages/1948TSN,1947,Coastal Plain League,,B00553,Caldwell,Ralph F.,0,Tarboro,117,,,,,,,,,,,,
minoraverages/1948TSN,1947,Coastal Plain League,,F20128,Caldwell,,0,Tarboro,,,,,,,,,,,,,117
minoraverages/1948TSN,1947,Coastal Plain League,,B01765,Carlton,LeRoy,0,Roanoke Rapids,30,,,,,,,,,,,,
minoraverages/1948TSN,1947,Coastal Plain League,,F21491,Carlton,,0,Roanoke Rapids,,,,,,,,,,,,,30
minoraverages/1948TSN,1947,Coastal Plain League,,P10575,Carlton,,0,Roanoke Rapids,,30,,,,,,,,,,,
minoraverages/1948TSN,1947,Coastal Plain League,,B00059,Causey,Richard D.,1,Kinston,,,,,,,,,,,,,
minoraverages/1948TSN,1947,Coastal Plain League,,B00059,Causey,Richard D.,2,Wilson,,,,,,,,,,,,,
minoraverages/1948TSN,1947,Coastal Plain League,,B00059,Causey,Richard D.,T,,15,,,,,,,,,,,,
minoraverages/1948TSN,1947,Coastal Plain League,,F21879,Causey,,1,Kinston,,,,,,,,,,,,,
minoraverages/1948TSN,1947,Coastal Plain League,,F21879,Causey,,2,Wilson,,,,,,,,,,,,,
minoraverages/1948TSN,1947,Coastal Plain League,,F21879,Causey,,T,,,,,,,,,,,,,,15
minoraverages/1948TSN,1947,Coastal Plain League,,P10516,Causey,,1,Kinston,,,,,,,,,,,,,
minoraverages/1948TSN,1947,Coastal Plain League,,P10516,Causey,,2,Wilson,,,,,,,,,,,,,
minoraverages/1948TSN,1947,Coastal Plain League,,P10516,Causey,,T,,,14,,,,,,,,,,,
minoraverages/1948TSN,1947,Coastal Plain League,,B00879,Chitty,Jerry N.,0,Greenville,27,,,,,,,,,,,,
minoraverages/1948TSN,1947,Coastal Plain League,,F21566,Chitty,,0,Greenville,,,,,,,,,,,,,27
minoraverages/1948TSN,1947,Coastal Plain League,,P10244,Chitty,,0,Greenville,,24,,,,,,,,,,,
minoraverages/1948TSN,1947,Coastal Plain League,,B00286,Chute,William E.,0,Greenville,54,,,,,,,,,,,,
minoraverages/1948TSN,1947,Coastal Plain League,,F21068,Chute,,0,Greenville,,,,,,,,,,,,,54
minoraverages/1948TSN,1947,Coastal Plain League,,B00158,Ciani,Nicholas J.,0,Goldsboro,12,,,,,,,,,,,,
minoraverages/1948TSN,1947,Coastal Plain League,,F20745,Ciani,,0,Goldsboro,,,,,,,,,,,,,12
minoraverages/1948TSN,1947,Coastal Plain League,,B00125,Clark,William O.,0,Tarboro,40,,,,,,,,,,,,
minoraverages/1948TSN,1947,Coastal Plain League,,P10348,Clark,,0,Tarboro,,13,,,,,,,,,,,
minoraverages/1948TSN,1947,Coastal Plain League,,B00117,Cohen,Robert,0,Kinston,132,,,,,,,,,,,,
minoraverages/1948TSN,1947,Coastal Plain League,,F20721,Cohen,,0,Kinston,,,,,,,,,,,,,132
minoraverages/1948TSN,1947,Coastal Plain League,,B01466,Coleman,James Lee,0,Roanoke Rapids,16,,,,,,,,,,,,
minoraverages/1948TSN,1947,Coastal Plain League,,F21045,Coleman,,0,Roanoke Rapids,,,,,,,,,,,,,16
minoraverages/1948TSN,1947,Coastal Plain League,,B00076,Collins,Steve C.,0,Kinston,136,,,,,,,,,,,,
minoraverages/1948TSN,1947,Coastal Plain League,,B00577,Collins,J. Gregory,0,Goldsboro,88,,,,,,,,,,,,
minoraverages/1948TSN,1947,Coastal Plain League,,F20222,Collins,,0,Kinston,,,,,,,,,,,,,136
minoraverages/1948TSN,1947,Coastal Plain League,,F21149,Collins,,0,Goldsboro,,,,,,,,,,,,,88
minoraverages/1948TSN,1947,Coastal Plain League,,B01234,Columbo,Vince J.,0,Rocky Mount,18,,,,,,,,,,,,
minoraverages/1948TSN,1947,Coastal Plain League,,F20463,Columbo,,0,Rocky Mount,,,,,,,,,,,,,18
minoraverages/1948TSN,1947,Coastal Plain League,,B01384,Conwell,Morton L.,0,Kinston,72,,,,,,,,,,,,
minoraverages/1948TSN,1947,Coastal Plain League,,F20768,Conwell,,0,Kinston,,,,,,,,,,,,,72
minoraverages/1948TSN,1947,Coastal Plain League,,B01804,Cooper,Richard V.,0,Goldsboro,20,,,,,,,,,,,,
minoraverages/1948TSN,1947,Coastal Plain League,,F21362,Cooper,,0,Goldsboro,,,,,,,,,,,,,20
minoraverages/1948TSN,1947,Coastal Plain League,,P10062,Cooper,,0,Goldsboro,,20,,,,,,,,,,,
minoraverages/1948TSN,1947,Coastal Plain League,,B01490,Coyle,William J.,0,Wilson,13,,,,,,,,,,,,
minoraverages/1948TSN,1947,Coastal Plain League,,F21101,Coyle,,0,Wilson,,,,,,,,,,,,,13
minoraverages/1948TSN,1947,Coastal Plain League,,B00865,Croom,Clay,0,Kinston,88,,,,,,,,,,,,
minoraverages/1948TSN,1947,Coastal Plain League,,F21278,Croom,,0,Kinston,,,,,,,,,,,,,88
minoraverages/1948TSN,1947,Coastal Plain League,,B01861,Cumby,Thomas J.,0,Goldsboro,11,,,,,,,,,,,,
minoraverages/1948TSN,1947,Coastal Plain League,,F20583,Cumby,,0,Goldsboro,,,,,,,,,,,,,11
minoraverages/1948TSN,1947,Coastal Plain League,,B01376,Cupka,Francis,0,Goldsboro,21,,,,,,,,,,,,
minoraverages/1948TSN,1947,Coastal Plain League,,F21037,Cupka,,0,Goldsboro,,,,,,,,,,,,,21
minoraverages/1948TSN,1947,Coastal Plain League,,B00961,Daniel,Jake H.,0,New Bern,15,,,,,,,,,,,,
minoraverages/1948TSN,1947,Coastal Plain League,,F20115,Daniel,,0,New Bern,,,,,,,,,,,,,15
minoraverages/1948TSN,1947,Coastal Plain League,,B01580,Davis,Howard B.,0,Goldsboro,13,,,,,,,,,,,,
minoraverages/1948TSN,1947,Coastal Plain League,,F20560,Davis,,0,Goldsboro,,,,,,,,,,,,,13
minoraverages/1948TSN,1947,Coastal Plain League,,B00528,Deaton,J. W.,0,Kinston,106,,,,,,,,,,,,
minoraverages/1948TSN,1947,Coastal Plain League,,F20051,Deaton,,0,Kinston,,,,,,,,,,,,,106
minoraverages/1948TSN,1947,Coastal Plain League,,B01337,Derda,Cletus F.,0,New Bern,20,,,,,,,,,,,,
minoraverages/1948TSN,1947,Coastal Plain League,,P10534,Derda,,0,New Bern,,19,,,,,,,,,,,
minoraverages/1948TSN,1947,Coastal Plain League,,B00196,Dickens,Irving,0,Wilson,118,,,,,,,,,,,,
minoraverages/1948TSN,1947,Coastal Plain League,,F20206,Dickens,,0,Wilson,,,,,,,,,,,,,118
minoraverages/1948TSN,1947,Coastal Plain League,,B01905,Dopkin,John P.,0,Goldsboro,16,,,,,,,,,,,,
minoraverages/1948TSN,1947,Coastal Plain League,,F21747,Dopkin,,0,Goldsboro,,,,,,,,,,,,,16
minoraverages/1948TSN,1947,Coastal Plain League,,P10441,Dopkin,,0,Goldsboro,,15,,,,,,,,,,,
minoraverages/1948TSN,1947,Coastal Plain League,,B00149,Earp,Malcolm D.,0,New Bern,30,,,,,,,,,,,,
minoraverages/1948TSN,1947,Coastal Plain League,,F20699,Earp,,0,New Bern,,,,,,,,,,,,,30
minoraverages/1948TSN,1947,Coastal Plain League,,B00672,Ehlman,Charles F.,0,Wilson,65,,,,,,,,,,,,
minoraverages/1948TSN,1947,Coastal Plain League,,F21241,Ehlman,,0,Wilson,,,,,,,,,,,,,65
minoraverages/1948TSN,1947,Coastal Plain League,,B01269,Elkins,William W.,0,Tarboro,24,,,,,,,,,,,,
minoraverages/1948TSN,1947,Coastal Plain League,,F20458,Elkins,,0,Tarboro,,,,,,,,,,,,,24
minoraverages/1948TSN,1947,Coastal Plain League,,B00680,Ellington,Mack J.,0,New Bern,29,,,,,,,,,,,,
minoraverages/1948TSN,1947,Coastal Plain League,,F21370,Ellington,,0,New Bern,,,,,,,,,,,,,29
minoraverages/1948TSN,1947,Coastal Plain League,,P10312,Ellington,,0,New Bern,,25,,,,,,,,,,,
minoraverages/1948TSN,1947,Coastal Plain League,,B00854,Ellis,James N.,0,Kinston,30,,,,,,,,,,,,
minoraverages/1948TSN,1947,Coastal Plain League,,F20810,Ellis,,0,Kinston,,,,,,,,,,,,,30
minoraverages/1948TSN,1947,Coastal Plain League,,B01078,Eoff,H. Grant,0,Kinston,26,,,,,,,,,,,,
minoraverages/1948TSN,1947,Coastal Plain League,,F21854,Eoff,,0,Kinston,,,,,,,,,,,,,26
minoraverages/1948TSN,1947,Coastal Plain League,,P10081,Eoff,,0,Kinston,,18,,,,,,,,,,,
minoraverages/1948TSN,1947,Coastal Plain League,,B00726,Evans,Theron Odell,0,Goldsboro,39,,,,,,,,,,,,
minoraverages/1948TSN,1947,Coastal Plain League,,F20189,Evans,,0,Goldsboro,,,,,,,,,,,,,39
minoraverages/1948TSN,1947,Coastal Plain League,,B00013,Fabianich,Frank,0,Kinston,13,,,,,,,,,,,,
minoraverages/1948TSN,1947,Coastal Plain League,,F20924,Fabianich,,0,Kinston,,,,,,,,,,,,,13
minoraverages/1948TSN,1947,Coastal Plain League,,B01663,Faust,Frank H.,0,New Bern,16,,,,,,,,,,,,
minoraverages/1948TSN,1947,Coastal Plain League,,F20417,Faust,,0,New Bern,,,,,,,,,,,,,16
minoraverages/1948TSN,1947,Coastal Plain League,,B01428,Felton,Eric R.,0,Wilson,52,,,,,,,,,,,,
minoraverages/1948TSN,1947,Coastal Plain League,,F21638,Felton,,0,Wilson,,,,,,,,,,,,,52
minoraverages/1948TSN,1947,Coastal Plain League,,P10290,Felton,,0,Wilson,,31,,,,,,,,,,,
minoraverages/1948TSN,1947,Coastal Plain League,,B01523,Fentress,Robert L.,0,Goldsboro,22,,,,,,,,,,,,
minoraverages/1948TSN,1947,Coastal Plain League,,F21158,Fentress,,0,Goldsboro,,,,,,,,,,,,,22
minoraverages/1948TSN,1947,Coastal Plain League,,B00566,Ferguson,Arthur,0,Tarboro,90,,,,,,,,,,,,
minoraverages/1948TSN,1947,Coastal Plain League,,F21130,Ferguson,,0,Tarboro,,,,,,,,,,,,,90
minoraverages/1948TSN,1947,Coastal Plain League,,B01682,Foell,John J.,1,Greenville,,,,,,,,,,,,,
minoraverages/1948TSN,1947,Coastal Plain League,,B01682,Foell,John J.,2,New Bern,,,,,,,,,,,,,
minoraverages/1948TSN,1947,Coastal Plain League,,B01682,Foell,John J.,T,,48,,,,,,,,,,,,
minoraverages/1948TSN,1947,Coastal Plain League,,F21705,Foell,,1,Greenville,,,,,,,,,,,,,
minoraverages/1948TSN,1947,Coastal Plain League,,F21705,Foell,,2,New Bern,,,,,,,,,,,,,
minoraverages/1948TSN,1947,Coastal Plain League,,F21705,Foell,,T,,,,,,,,,,,,,,48
minoraverages/1948TSN,1947,Coastal Plain League,,P10429,Foell,,1,Greenville,,,,,,,,,,,,,
minoraverages/1948TSN,1947,Coastal Plain League,,P10429,Foell,,2,New Bern,,,,,,,,,,,,,
minoraverages/1948TSN,1947,Coastal Plain League,,P10429,Foell,,T,,,37,,,,,,,,,,,
minoraverages/1948TSN,1947,Coastal Plain League,,B00488,Fowler,Grover C.,0,Rocky Mount,117,,,,,,,,,,,,
minoraverages/1948TSN,1947,Coastal Plain League,,F20388,Fowler,,0,Rocky Mount,,,,,,,,,,,,,117
minoraverages/1948TSN,1947,Coastal Plain League,,B00241,Fraker,Richard L.,0,Greenville,16,,,,,,,,,,,,
minoraverages/1948TSN,1947,Coastal Plain League,,F20713,Fraker,,0,Greenville,,,,,,,,,,,,,16
minoraverages/1948TSN,1947,Coastal Plain League,,B01857,Freed,Carl H.,0,New Bern,15,,,,,,,,,,,,
minoraverages/1948TSN,1947,Coastal Plain League,,F21427,Freed,,0,New Bern,,,,,,,,,,,,,15
minoraverages/1948TSN,1947,Coastal Plain League,,P10215,Freed,,0,New Bern,,15,,,,,,,,,,,
minoraverages/1948TSN,1947,Coastal Plain League,,B01514,Garzarelli,Thomas,0,Goldsboro,15,,,,,,,,,,,,
minoraverages/1948TSN,1947,Coastal Plain League,,F21672,Garzarelli,,0,Goldsboro,,,,,,,,,,,,,15
minoraverages/1948TSN,1947,Coastal Plain League,,P10231,Garzarelli,,0,Goldsboro,,11,,,,,,,,,,,
minoraverages/1948TSN,1947,Coastal Plain League,,B01359,Gauldin,Robert C.,1,Kinston,,,,,,,,,,,,,
minoraverages/1948TSN,1947,Coastal Plain League,,B01359,Gauldin,Robert C.,2,Goldsboro,,,,,,,,,,,,,
minoraverages/1948TSN,1947,Coastal Plain League,,B01359,Gauldin,Robert C.,T,,36,,,,,,,,,,,,
minoraverages/1948TSN,1947,Coastal Plain League,,F21589,Gauldin,,1,Kinston,,,,,,,,,,,,,
minoraverages/1948TSN,1947,Coastal Plain League,,F21589,Gauldin,,2,Goldsboro,,,,,,,,,,,,,
minoraverages/1948TSN,1947,Coastal Plain League,,F21589,Gauldin,,T,,,,,,,,,,,,,,36
minoraverages/1948TSN,1947,Coastal Plain League,,P10202,Gauldin,,1,Kinston,,,,,,,,,,,,,
minoraverages/1948TSN,1947,Coastal Plain League,,P10202,Gauldin,,2,Goldsboro,,,,,,,,,,,,,
minoraverages/1948TSN,1947,Coastal Plain League,,P10202,Gauldin,,T,,,28,,,,,,,,,,,
minoraverages/1948TSN,1947,Coastal Plain League,,B00174,Gonzalez,Valentine J.,0,Roanoke Rapids,92,,,,,,,,,,,,
minoraverages/1948TSN,1947,Coastal Plain League,,F20072,Gonzalez,,0,Roanoke Rapids,,,,,,,,,,,,,92
minoraverages/1948TSN,1947,Coastal Plain League,,B01787,Gudger,James F.,0,Rocky Mount,37,,,,,,,,,,,,
minoraverages/1948TSN,1947,Coastal Plain League,,F21726,Gudger,,0,Rocky Mount,,,,,,,,,,,,,37
minoraverages/1948TSN,1947,Coastal Plain League,,P10145,Gudger,,0,Rocky Mount,,37,,,,,,,,,,,
minoraverages/1948TSN,1947,Coastal Plain League,,P10228,Hamons,,0,Tarboro,,9,,,,,,,,,,,
minoraverages/1948TSN,1947,Coastal Plain League,,B01041,Hand,Russell B.,0,Tarboro,108,,,,,,,,,,,,
minoraverages/1948TSN,1947,Coastal Plain League,,F21125,Hand,,0,Tarboro,,,,,,,,,,,,,108
minoraverages/1948TSN,1947,Coastal Plain League,,B00370,Hanley,John W.,0,Rocky Mount,54,,,,,,,,,,,,
minoraverages/1948TSN,1947,Coastal Plain League,,F20962,Hanley,,0,Rocky Mount,,,,,,,,,,,,,54
minoraverages/1948TSN,1947,Coastal Plain League,,B01162,Harrison,Charles H.,0,Rocky Mount,37,,,,,,,,,,,,
minoraverages/1948TSN,1947,Coastal Plain League,,F21806,Harrison,,0,Rocky Mount,,,,,,,,,,,,,37
minoraverages/1948TSN,1947,Coastal Plain League,,P10277,Harrison,,0,Rocky Mount,,35,,,,,,,,,,,
minoraverages/1948TSN,1947,Coastal Plain League,,B00264,Haynes,Patrick F.,0,Wilson,25,,,,,,,,,,,,
minoraverages/1948TSN,1947,Coastal Plain League,,F20067,Haynes,,0,Wilson,,,,,,,,,,,,,25
minoraverages/1948TSN,1947,Coastal Plain League,,B00936,Hayward,Richard C.,0,Kinston,13,,,,,,,,,,,,
minoraverages/1948TSN,1947,Coastal Plain League,,F21174,Hayward,,0,Kinston,,,,,,,,,,,,,13
minoraverages/1948TSN,1947,Coastal Plain League,,B01836,Helmer,Harry R.,0,Rocky Mount,29,,,,,,,,,,,,
minoraverages/1948TSN,1947,Coastal Plain League,,F21469,Helmer,,0,Rocky Mount,,,,,,,,,,,,,29
minoraverages/1948TSN,1947,Coastal Plain League,,P10486,Helmer,,0,Rocky Mount,,25,,,,,,,,,,,
minoraverages/1948TSN,1947,Coastal Plain League,,B01313,Hendershot,Harry,0,Rocky Mount,47,,,,,,,,,,,,
minoraverages/1948TSN,1947,Coastal Plain League,,F20375,Hendershot,,0,Rocky Mount,,,,,,,,,,,,,47
minoraverages/1948TSN,1947,Coastal Plain League,,B00739,Herring,William A.,0,Goldsboro,51,,,,,,,,,,,,
minoraverages/1948TSN,1947,Coastal Plain League,,F21577,Herring,,0,Goldsboro,,,,,,,,,,,,,51
minoraverages/1948TSN,1947,Coastal Plain League,,P10019,Herring,,0,Goldsboro,,41,,,,,,,,,,,
minoraverages/1948TSN,1947,Coastal Plain League,,B00589,Hobgood,L. Howard,0,New Bern,11,,,,,,,,,,,,
minoraverages/1948TSN,1947,Coastal Plain League,,F20604,Hobgood,,0,New Bern,,,,,,,,,,,,,11
minoraverages/1948TSN,1947,Coastal Plain League,,B00232,Holland,Robert D.,1,Roanoke Rapids,,,,,,,,,,,,,
minoraverages/1948TSN,1947,Coastal Plain League,,B00232,Holland,Robert D.,2,Goldsboro,,,,,,,,,,,,,
minoraverages/1948TSN,1947,Coastal Plain League,,B00232,Holland,Robert D.,T,,23,,,,,,,,,,,,
minoraverages/1948TSN,1947,Coastal Plain League,,F20919,Holland,,1,Roanoke Rapids,,,,,,,,,,,,,
minoraverages/1948TSN,1947,Coastal Plain League,,F20919,Holland,,2,Goldsboro,,,,,,,,,,,,,
minoraverages/1948TSN,1947,Coastal Plain League,,F20919,Holland,,T,,,,,,,,,,,,,,23
minoraverages/1948TSN,1947,Coastal Plain League,,B00255,Hussey,Jack W.,0,Goldsboro,99,,,,,,,,,,,,
minoraverages/1948TSN,1947,Coastal Plain League,,F20046,Hussey,,0,Goldsboro,,,,,,,,,,,,,99
minoraverages/1948TSN,1947,Coastal Plain League,,B00912,Jacobs,Arthur E.,0,Greenville,74,,,,,,,,,,,,
minoraverages/1948TSN,1947,Coastal Plain League,,F20430,Jacobs,,0,Greenville,,,,,,,,,,,,,74
minoraverages/1948TSN,1947,Coastal Plain League,,B00544,Jarlett,Alfred S.,0,Rocky Mount,55,,,,,,,,,,,,
minoraverages/1948TSN,1947,Coastal Plain League,,F21528,Jarlett,,0,Rocky Mount,,,,,,,,,,,,,55
minoraverages/1948TSN,1947,Coastal Plain League,,P10121,Jarlett,,0,Rocky Mount,,47,,,,,,,,,,,
minoraverages/1948TSN,1947,Coastal Plain League,,B00229,Jarvis,Robert G.,0,Greenville,13,,,,,,,,,,,,
minoraverages/1948TSN,1947,Coastal Plain League,,F20620,Jarvis,,0,Greenville,,,,,,,,,,,,,13
minoraverages/1948TSN,1947,Coastal Plain League,,B01170,Jeffries,William H.,0,Tarboro,110,,,,,,,,,,,,
minoraverages/1948TSN,1947,Coastal Plain League,,F20841,Jeffries,,0,Tarboro,,,,,,,,,,,,,110
minoraverages/1948TSN,1947,Coastal Plain League,,B01368,Jenkins,Howard F.,0,Greenville,64,,,,,,,,,,,,
minoraverages/1948TSN,1947,Coastal Plain League,,F20303,Jenkins,,0,Greenville,,,,,,,,,,,,,64
minoraverages/1948TSN,1947,Coastal Plain League,,B01567,John,William E.,0,Roanoke Rapids,15,,,,,,,,,,,,
minoraverages/1948TSN,1947,Coastal Plain League,,F21515,John,,0,Roanoke Rapids,,,,,,,,,,,,,15
minoraverages/1948TSN,1947,Coastal Plain League,,P10097,John,,0,Roanoke Rapids,,14,,,,,,,,,,,
minoraverages/1948TSN,1947,Coastal Plain League,,B00957,Johnson,Thomas P.,0,Roanoke Rapids,26,,,,,,,,,,,,
minoraverages/1948TSN,1947,Coastal Plain League,,F21783,Johnson,,0,Roanoke Rapids,,,,,,,,,,,,,26
minoraverages/1948TSN,1947,Coastal Plain League,,B01402,Karczewski,Henry T.,0,Roanoke Rapids,17,,,,,,,,,,,,
minoraverages/1948TSN,1947,Coastal Plain League,,F21760,Karczewski,,0,Roanoke Rapids,,,,,,,,,,,,,17
minoraverages/1948TSN,1947,Coastal Plain League,,P10410,Karczewski,,0,Roanoke Rapids,,12,,,,,,,,,,,
minoraverages/1948TSN,1947,Coastal Plain League,,B00887,Kavanaugh,Gerard A.,0,Tarboro,129,,,,,,,,,,,,
minoraverages/1948TSN,1947,Coastal Plain League,,F20449,Kavanaugh,,0,Tarboro,,,,,,,,,,,,,129
minoraverages/1948TSN,1947,Coastal Plain League,,B00021,Kennedy,Le Roy F.,0,Tarboro,109,,,,,,,,,,,,
minoraverages/1948TSN,1947,Coastal Plain League,,F20776,Kennedy,,0,Tarboro,,,,,,,,,,,,,109
minoraverages/1948TSN,1947,Coastal Plain League,,B01250,Kimmel,John Al,0,Roanoke Rapids,66,,,,,,,,,,,,
minoraverages/1948TSN,1947,Coastal Plain League,,F21590,Kimmel,,0,Roanoke Rapids,,,,,,,,,,,,,66
minoraverages/1948TSN,1947,Coastal Plain League,,P10361,Kimmel,,0,Roanoke Rapids,,48,,,,,,,,,,,
minoraverages/1948TSN,1947,Coastal Plain League,,B00397,Kimmerle,Herbert,1,Kinston,,,,,,,,,,,,,
minoraverages/1948TSN,1947,Coastal Plain League,,B00397,Kimmerle,Herbert,2,Roanoke Rapids,,,,,,,,,,,,,
minoraverages/1948TSN,1947,Coastal Plain League,,B00397,Kimmerle,Herbert,3,Wilson,,,,,,,,,,,,,
minoraverages/1948TSN,1947,Coastal Plain League,,B00397,Kimmerle,Herbert,T,,52,,,,,,,,,,,,
minoraverages/1948TSN,1947,Coastal Plain League,,F21076,Kimmerle,,1,Kinston,,,,,,,,,,,,,
minoraverages/1948TSN,1947,Coastal Plain League,,F21076,Kimmerle,,2,Roanoke Rapids,,,,,,,,,,,,,
minoraverages/1948TSN,1947,Coastal Plain League,,F21076,Kimmerle,,3,Wilson,,,,,,,,,,,,,
minoraverages/1948TSN,1947,Coastal Plain League,,F21076,Kimmerle,,T,,,,,,,,,,,,,,52
minoraverages/1948TSN,1947,Coastal Plain League,,B01674,Knorek,Louis K.,0,Roanoke Rapids,18,,,,,,,,,,,,
minoraverages/1948TSN,1947,Coastal Plain League,,F21553,Knorek,,0,Roanoke Rapids,,,,,,,,,,,,,18
minoraverages/1948TSN,1947,Coastal Plain League,,P10432,Knorek,,0,Roanoke Rapids,,18,,,,,,,,,,,
minoraverages/1948TSN,1947,Coastal Plain League,,B00084,Knowles,Worlise L.,0,New Bern,74,,,,,,,,,,,,
minoraverages/1948TSN,1947,Coastal Plain League,,F21021,Knowles,,0,New Bern,,,,,,,,,,,,,74
minoraverages/1948TSN,1947,Coastal Plain League,,B00324,Komanecky,Ray,0,Tarboro,108,,,,,,,,,,,,
minoraverages/1948TSN,1947,Coastal Plain League,,F21059,Komanecky,,0,Tarboro,,,,,,,,,,,,,108
minoraverages/1948TSN,1947,Coastal Plain League,,B01754,Krauss,Bernard,0,Kinston,14,,,,,,,,,,,,
minoraverages/1948TSN,1947,Coastal Plain League,,F21811,Krauss,,0,Kinston,,,,,,,,,,,,,14
minoraverages/1948TSN,1947,Coastal Plain League,,P10192,Krauss,,0,Kinston,,14,,,,,,,,,,,
minoraverages/1948TSN,1947,Coastal Plain League,,B01135,Kreamcheck,Edward,1,Tarboro,,,,,,,,,,,,,
minoraverages/1948TSN,1947,Coastal Plain League,,B01135,Kreamcheck,Edward,2,Roanoke Rapids,,,,,,,,,,,,,
minoraverages/1948TSN,1947,Coastal Plain League,,B01135,Kreamcheck,Edward,T,,35,,,,,,,,,,,,
minoraverages/1948TSN,1947,Coastal Plain League,,F21092,Kreamcheck,,1,Tarboro,,,,,,,,,,,,,
minoraverages/1948TSN,1947,Coastal Plain League,,F21092,Kreamcheck,,2,Roanoke Rapids,,,,,,,,,,,,,
minoraverages/1948TSN,1947,Coastal Plain League,,F21092,Kreamcheck,,T,,,,,,,,,,,,,,35
minoraverages/1948TSN,1947,Coastal Plain League,,B00833,Kreider,Jesse E.,0,New Bern,10,,,,,,,,,,,,
minoraverages/1948TSN,1947,Coastal Plain League,,F21117,Kreider,,0,New Bern,,,,,,,,,,,,,10
minoraverages/1948TSN,1947,Coastal Plain League,,B01798,Lanier,Carlton,0,Rocky Mount,26,,,,,,,,,,,,
minoraverages/1948TSN,1947,Coastal Plain League,,F20759,Lanier,,0,Rocky Mount,,,,,,,,,,,,,26
minoraverages/1948TSN,1947,Coastal Plain League,,B00646,Latsko,George,0,Rocky Mount,65,,,,,,,,,,,,
minoraverages/1948TSN,1947,Coastal Plain League,,F20792,Latsko,,0,Rocky Mount,,,,,,,,,,,,,65
minoraverages/1948TSN,1947,Coastal Plain League,,B01873,Lawson,Jackson,0,Roanoke Rapids,10,,,,,,,,,,,,
minoraverages/1948TSN,1947,Coastal Plain League,,F21381,Lawson,,0,Roanoke Rapids,,,,,,,,,,,,,10
minoraverages/1948TSN,1947,Coastal Plain League,,B00045,Leach,Riley T.,0,Goldsboro,16,,,,,,,,,,,,
minoraverages/1948TSN,1947,Coastal Plain League,,B00319,Leach,Robert,0,Roanoke Rapids,36,,,,,,,,,,,,
minoraverages/1948TSN,1947,Coastal Plain League,,F20023,Leach,,0,Goldsboro,,,,,,,,,,,,,16
minoraverages/1948TSN,1947,Coastal Plain League,,F20685,Leach,,0,Roanoke Rapids,,,,,,,,,,,,,36
minoraverages/1948TSN,1947,Coastal Plain League,,B00515,Lee,Wm. Thomas,0,Greenville,115,,,,,,,,,,,,
minoraverages/1948TSN,1947,Coastal Plain League,,F20807,Lee,,0,Greenville,,,,,,,,,,,,,115
minoraverages/1948TSN,1947,Coastal Plain League,,B00614,Lingle,David,0,Goldsboro,129,,,,,,,,,,,,
minoraverages/1948TSN,1947,Coastal Plain League,,F20784,Lingle,,0,Goldsboro,,,,,,,,,,,,,129
minoraverages/1948TSN,1947,Coastal Plain League,,B01625,Little,Garland G.,0,Greenville,25,,,,,,,,,,,,
minoraverages/1948TSN,1947,Coastal Plain League,,F21614,Little,,0,Greenville,,,,,,,,,,,,,25
minoraverages/1948TSN,1947,Coastal Plain League,,P10550,Little,,0,Greenville,,16,,,,,,,,,,,
minoraverages/1948TSN,1947,Coastal Plain League,,B00822,Lloyd,William H.,0,Wilson,39,,,,,,,,,,,,
minoraverages/1948TSN,1947,Coastal Plain League,,F21397,Lloyd,,0,Wilson,,,,,,,,,,,,,39
minoraverages/1948TSN,1947,Coastal Plain League,,P10373,Lloyd,,0,Wilson,,35,,,,,,,,,,,
minoraverages/1948TSN,1947,Coastal Plain League,,B00771,Lowry,Curtis G.,0,Goldsboro,136,,,,,,,,,,,,
minoraverages/1948TSN,1947,Coastal Plain League,,F20334,Lowry,,0,Goldsboro,,,,,,,,,,,,,136
minoraverages/1948TSN,1947,Coastal Plain League,,B01444,Luke,Ivan T. (Pete),0,Greenville,26,,,,,,,,,,,,
minoraverages/1948TSN,1947,Coastal Plain League,,F20539,Luke,,0,Greenville,,,,,,,,,,,,,26
minoraverages/1948TSN,1947,Coastal Plain League,,B01291,Lynch,William J.,0,Greenville,105,,,,,,,,,,,,
minoraverages/1948TSN,1947,Coastal Plain League,,F20265,Lynch,,0,Greenville,,,,,,,,,,,,,105
minoraverages/1948TSN,1947,Coastal Plain League,,B00752,Maloney,Floyd,1,New Bern,,,,,,,,,,,,,
minoraverages/1948TSN,1947,Coastal Plain League,,B00752,Maloney,Floyd,2,Rocky Mount,,,,,,,,,,,,,
minoraverages/1948TSN,1947,Coastal Plain League,,B00752,Maloney,Floyd,T,,134,,,,,,,,,,,,
minoraverages/1948TSN,1947,Coastal Plain League,,F20211,Maloney,,1,New Bern,,,,,,,,,,,,,
minoraverages/1948TSN,1947,Coastal Plain League,,F20211,Maloney,,2,Rocky Mount,,,,,,,,,,,,,
minoraverages/1948TSN,1947,Coastal Plain League,,F20211,Maloney,,T,,,,,,,,,,,,,,134
minoraverages/1948TSN,1947,Coastal Plain League,,B00356,Martin,Stuart M.,0,Roanoke Rapids,119,,,,,,,,,,,,
minoraverages/1948TSN,1947,Coastal Plain League,,F20342,Martin,,0,Roanoke Rapids,,,,,,,,,,,,,119
minoraverages/1948TSN,1947,Coastal Plain League,,B00068,Mauney,Willard W.,0,Greenville,125,,,,,,,,,,,,
minoraverages/1948TSN,1947,Coastal Plain League,,B01029,Mauney,Marvin J.,0,Greenville,70,,,,,,,,,,,,
minoraverages/1948TSN,1947,Coastal Plain League,,F20864,Mauney,M.,0,Greenville,,,,,,,,,,,,,70
minoraverages/1948TSN,1947,Coastal Plain League,,F20893,Mauney,W.,0,Greenville,,,,,,,,,,,,,125
minoraverages/1948TSN,1947,Coastal Plain League,,B00092,May,Herbert,0,Rocky Mount,132,,,,,,,,,,,,
minoraverages/1948TSN,1947,Coastal Plain League,,F20970,May,,0,Rocky Mount,,,,,,,,,,,,,132
minoraverages/1948TSN,1947,Coastal Plain League,,B00343,McCall,Julian H.,0,Wilson,26,,,,,,,,,,,,
minoraverages/1948TSN,1947,Coastal Plain League,,F20636,McCall,,0,Wilson,,,,,,,,,,,,,26
minoraverages/1948TSN,1947,Coastal Plain League,,B01242,McLawhorn,James R.,0,Goldsboro,13,,,,,,,,,,,,
minoraverages/1948TSN,1947,Coastal Plain League,,B01538,McLawhorn,Sam,0,Kinston,53,,,,,,,,,,,,
minoraverages/1948TSN,1947,Coastal Plain League,,F21286,McLawhorn,J.,0,Goldsboro,,,,,,,,,,,,,13
minoraverages/1948TSN,1947,Coastal Plain League,,F21488,McLawhorn,S.,0,Kinston,,,,,,,,,,,,,53
minoraverages/1948TSN,1947,Coastal Plain League,,P10056,McLawhorn,,0,Kinston,,48,,,,,,,,,,,
minoraverages/1948TSN,1947,Coastal Plain League,,B00416,McNay,Charles L.,0,Roanoke Rapids,50,,,,,,,,,,,,
minoraverages/1948TSN,1947,Coastal Plain League,,F20908,McNay,,0,Roanoke Rapids,,,,,,,,,,,,,50
minoraverages/1948TSN,1947,Coastal Plain League,,B00705,Messina,Peter T.,0,Roanoke Rapids,16,,,,,,,,,,,,
minoraverages/1948TSN,1947,Coastal Plain League,,F20657,Messina,,0,Roanoke Rapids,,,,,,,,,,,,,16
minoraverages/1948TSN,1947,Coastal Plain League,,B00502,Meyer,James F.,0,Roanoke Rapids,128,,,,,,,,,,,,
minoraverages/1948TSN,1947,Coastal Plain League,,F20648,Meyer,,0,Roanoke Rapids,,,,,,,,,,,,,128
minoraverages/1948TSN,1947,Coastal Plain League,,B01431,Milankovich,Stanley,0,Goldsboro,38,,,,,,,,,,,,
minoraverages/1948TSN,1947,Coastal Plain League,,F21609,Milankovich,,0,Goldsboro,,,,,,,,,,,,,38
minoraverages/1948TSN,1947,Coastal Plain League,,P10168,Milankovich,,0,Goldsboro,,35,,,,,,,,,,,
minoraverages/1948TSN,1947,Coastal Plain League,,B01489,Montalvo,Joseph H.,0,Wilson,12,,,,,,,,,,,,
minoraverages/1948TSN,1947,Coastal Plain League,,F20131,Montalvo,,0,Wilson,,,,,,,,,,,,,12
minoraverages/1948TSN,1947,Coastal Plain League,,B00623,Moss,Joe,0,Wilson,60,,,,,,,,,,,,
minoraverages/1948TSN,1947,Coastal Plain League,,F20673,Moss,,0,Wilson,,,,,,,,,,,,,60
minoraverages/1948TSN,1947,Coastal Plain League,,B00638,Motley,Ryland C.,0,New Bern,45,,,,,,,,,,,,
minoraverages/1948TSN,1947,Coastal Plain League,,F21833,Motley,,0,New Bern,,,,,,,,,,,,,45
minoraverages/1948TSN,1947,Coastal Plain League,,P10464,Motley,,0,New Bern,,37,,,,,,,,,,,
minoraverages/1948TSN,1947,Coastal Plain League,,B01093,Munday,Charles W.,0,Rocky Mount,112,,,,,,,,,,,,
minoraverages/1948TSN,1947,Coastal Plain League,,F21182,Munday,,0,Rocky Mount,,,,,,,,,,,,,112
minoraverages/1948TSN,1947,Coastal Plain League,,B00362,Murray,Thomas W.,0,New Bern,29,,,,,,,,,,,,
minoraverages/1948TSN,1947,Coastal Plain League,,F21718,Murray,,0,New Bern,,,,,,,,,,,,,29
minoraverages/1948TSN,1947,Coastal Plain League,,P10304,Murray,,0,New Bern,,12,,,,,,,,,,,
minoraverages/1948TSN,1947,Coastal Plain League,,B00651,Muse,John R.,0,Wilson,24,,,,,,,,,,,,
minoraverages/1948TSN,1947,Coastal Plain League,,F20014,Muse,,0,Wilson,,,,,,,,,,,,,24
minoraverages/1948TSN,1947,Coastal Plain League,,B00278,Musial,Edward J.,0,Rocky Mount,107,,,,,,,,,,,,
minoraverages/1948TSN,1947,Coastal Plain League,,F20737,Musial,,0,Rocky Mount,,,,,,,,,,,,,107
minoraverages/1948TSN,1947,Coastal Plain League,,B01918,Nesbit,Warren R.,0,Wilson,12,,,,,,,,,,,,
minoraverages/1948TSN,1947,Coastal Plain League,,F21403,Nesbit,,0,Wilson,,,,,,,,,,,,,12
minoraverages/1948TSN,1947,Coastal Plain League,,B01156,Neville,Edward J.,0,Tarboro,88,,,,,,,,,,,,
minoraverages/1948TSN,1947,Coastal Plain League,,F21667,Neville,,0,Tarboro,,,,,,,,,,,,,88
minoraverages/1948TSN,1947,Coastal Plain League,,P10043,Neville,,0,Tarboro,,43,,,,,,,,,,,
minoraverages/1948TSN,1947,Coastal Plain League,,B00806,Norwood,Uriah S.,0,Kinston,57,,,,,,,,,,,,
minoraverages/1948TSN,1947,Coastal Plain League,,F21000,Norwood,,0,Kinston,,,,,,,,,,,,,57
minoraverages/1948TSN,1947,Coastal Plain League,,B01275,Outland,Thomas W.,0,Roanoke Rapids,21,,,,,,,,,,,,
minoraverages/1948TSN,1947,Coastal Plain League,,F20935,Outland,,0,Roanoke Rapids,,,,,,,,,,,,,21
minoraverages/1948TSN,1947,Coastal Plain League,,B01601,Owles,Robert L.,0,New Bern,19,,,,,,,,,,,,
minoraverages/1948TSN,1947,Coastal Plain League,,F21904,Owles,,0,New Bern,,,,,,,,,,,,,19
minoraverages/1948TSN,1947,Coastal Plain League,,P10493,Owles,,0,New Bern,,19,,,,,,,,,,,
minoraverages/1948TSN,1947,Coastal Plain League,,B00469,Palmer,Winston H.,0,New Bern,92,,,,,,,,,,,,
minoraverages/1948TSN,1947,Coastal Plain League,,F20482,Palmer,,0,New Bern,,,,,,,,,,,,,92
minoraverages/1948TSN,1947,Coastal Plain League,,B01007,Pare,John G.,0,Greenville,47,,,,,,,,,,,,
minoraverages/1948TSN,1947,Coastal Plain League,,B01010,Pare,Robert J.,0,Greenville,70,,,,,,,,,,,,
minoraverages/1948TSN,1947,Coastal Plain League,,F20391,Pare,R.,0,Greenville,,,,,,,,,,,,,70
minoraverages/1948TSN,1947,Coastal Plain League,,F21163,Pare,J.,0,Greenville,,,,,,,,,,,,,47
minoraverages/1948TSN,1947,Coastal Plain League,,B00403,Parker,Wm. Newton,1,Tarboro,,,,,,,,,,,,,
minoraverages/1948TSN,1947,Coastal Plain League,,B00403,Parker,Wm. Newton,2,Roanoke Rapids,,,,,,,,,,,,,
minoraverages/1948TSN,1947,Coastal Plain League,,B00403,Parker,Wm. Newton,T,,103,,,,,,,,,,,,
minoraverages/1948TSN,1947,Coastal Plain League,,F20080,Parker,,1,Tarboro,,,,,,,,,,,,,
minoraverages/1948TSN,1947,Coastal Plain League,,F20080,Parker,,2,Roanoke Rapids,,,,,,,,,,,,,
minoraverages/1948TSN,1947,Coastal Plain League,,F20080,Parker,,T,,,,,,,,,,,,,,103
minoraverages/1948TSN,1947,Coastal Plain League,,B01509,Pate,Herbert W.,0,Kinston,43,,,,,,,,,,,,
minoraverages/1948TSN,1947,Coastal Plain League,,F21646,Pate,,0,Kinston,,,,,,,,,,,,,43
minoraverages/1948TSN,1947,Coastal Plain League,,P10336,Pate,,0,Kinston,,26,,,,,,,,,,,
minoraverages/1948TSN,1947,Coastal Plain League,,B00920,Pavlich,John,0,Roanoke Rapids,104,,,,,,,,,,,,
minoraverages/1948TSN,1947,Coastal Plain League,,F21229,Pavlich,,0,Roanoke Rapids,,,,,,,,,,,,,104
minoraverages/1948TSN,1947,Coastal Plain League,,B00898,Payne,H. Virgil,0,Goldsboro,96,,,,,,,,,,,,
minoraverages/1948TSN,1947,Coastal Plain League,,F20254,Payne,,0,Goldsboro,,,,,,,,,,,,,96
minoraverages/1948TSN,1947,Coastal Plain League,,B01181,Pepio,Nicholas J.,0,Goldsboro,75,,,,,,,,,,,,
minoraverages/1948TSN,1947,Coastal Plain League,,F20547,Pepio,,0,Goldsboro,,,,,,,,,,,,,75
minoraverages/1948TSN,1947,Coastal Plain League,,F20369,Peters,,0,Kinston,,,,,,,,,,,,,137
minoraverages/1948TSN,1947,Coastal Plain League,,B00794,Peters (Piestrak),Emil S.,0,Kinston,137,,,,,,,,,,,,
minoraverages/1948TSN,1947,Coastal Plain League,,B00163,Pinner,Ted R.,1,New Bern,,,,,,,,,,,,,
minoraverages/1948TSN,1947,Coastal Plain League,,B00163,Pinner,Ted R.,2,Wilson,,,,,,,,,,,,,
minoraverages/1948TSN,1947,Coastal Plain League,,B00163,Pinner,Ted R.,T,,111,,,,,,,,,,,,
minoraverages/1948TSN,1947,Coastal Plain League,,F21255,Pinner,,1,New Bern,,,,,,,,,,,,,
minoraverages/1948TSN,1947,Coastal Plain League,,F21255,Pinner,,2,Wilson,,,,,,,,,,,,,
minoraverages/1948TSN,1947,Coastal Plain League,,F21255,Pinner,,T,,,,,,,,,,,,,,111
minoraverages/1948TSN,1947,Coastal Plain League,,B01203,Plos (Ploszaj),Stanley W.,0,Tarboro,17,,,,,,,,,,,,
minoraverages/1948TSN,1947,Coastal Plain League,,F21695,Ploszaj,,0,Tarboro,,,,,,,,,,,,,17
minoraverages/1948TSN,1947,Coastal Plain League,,P10569,Ploszaj,,0,Tarboro,,15,,,,,,,,,,,
minoraverages/1948TSN,1947,Coastal Plain League,,B01820,Polink,Anthony,0,Tarboro,25,,,,,,,,,,,,
minoraverages/1948TSN,1947,Coastal Plain League,,F21442,Polink,,0,Tarboro,,,,,,,,,,,,,25
minoraverages/1948TSN,1947,Coastal Plain League,,P10253,Polink,,0,Tarboro,,22,,,,,,,,,,,
minoraverages/1948TSN,1947,Coastal Plain League,,B01885,Pollock,G. Terry,0,Goldsboro,35,,,,,,,,,,,,
minoraverages/1948TSN,1947,Coastal Plain League,,F21794,Pollock,,0,Goldsboro,,,,,,,,,,,,,35
minoraverages/1948TSN,1947,Coastal Plain League,,P10137,Pollock,,0,Goldsboro,,33,,,,,,,,,,,
minoraverages/1948TSN,1947,Coastal Plain League,,B00491,Ranweiler,Henry M.,0,Greenville,120,,,,,,,,,,,,
minoraverages/1948TSN,1947,Coastal Plain League,,F20144,Ranweiler,,0,Greenville,,,,,,,,,,,,,120
minoraverages/1948TSN,1947,Coastal Plain League,,P10527,Ranweiler,,0,Greenville,,20,,,,,,,,,,,
minoraverages/1948TSN,1947,Coastal Plain League,,B00590,Rehm,Alfred F.,0,Wilson,137,,,,,,,,,,,,
minoraverages/1948TSN,1947,Coastal Plain League,,F20496,Rehm,,0,Wilson,,,,,,,,,,,,,137
minoraverages/1948TSN,1947,Coastal Plain League,,B01649,Rhabe,Nick,0,Tarboro,10,,,,,,,,,,,,
minoraverages/1948TSN,1947,Coastal Plain League,,F20981,Rhabe,,0,Tarboro,,,,,,,,,,,,,10
minoraverages/1948TSN,1947,Coastal Plain League,,B01415,Rhodes,Vernon O.,0,Rocky Mount,68,,,,,,,,,,,,
minoraverages/1948TSN,1947,Coastal Plain League,,F21319,Rhodes,,0,Rocky Mount,,,,,,,,,,,,,68
minoraverages/1948TSN,1947,Coastal Plain League,,B00760,Riddle,Charles L.,0,Tarboro,28,,,,,,,,,,,,
minoraverages/1948TSN,1947,Coastal Plain League,,F20233,Riddle,,0,Tarboro,,,,,,,,,,,,,28
minoraverages/1948TSN,1947,Coastal Plain League,,B01288,Rothe,Martin W.,0,Tarboro,18,,,,,,,,,,,,
minoraverages/1948TSN,1947,Coastal Plain League,,F21752,Rothe,,0,Tarboro,,,,,,,,,,,,,18
minoraverages/1948TSN,1947,Coastal Plain League,,P10357,Rothe,,0,Tarboro,,18,,,,,,,,,,,
minoraverages/1948TSN,1947,Coastal Plain League,,B00182,Rowland,Charles H.,0,Goldsboro,21,,,,,,,,,,,,
minoraverages/1948TSN,1947,Coastal Plain League,,F21210,Rowland,,0,Goldsboro,,,,,,,,,,,,,21
minoraverages/1948TSN,1947,Coastal Plain League,,B01216,Rudden,Matt,0,Roanoke Rapids,56,,,,,,,,,,,,
minoraverages/1948TSN,1947,Coastal Plain League,,F20177,Rudden,,0,Roanoke Rapids,,,,,,,,,,,,,56
minoraverages/1948TSN,1947,Coastal Plain League,,F21416,Russelavage,,0,Tarboro,,,,,,,,,,,,,29
minoraverages/1948TSN,1947,Coastal Plain League,,P10266,Russelavage,,0,Tarboro,,27,,,,,,,,,,,
minoraverages/1948TSN,1947,Coastal Plain League,,B01143,Russell (Russellavage),Stiney E.,0,Tarboro,29,,,,,,,,,,,,
minoraverages/1948TSN,1947,Coastal Plain League,,B00531,Ruthko,Fred,0,Goldsboro,38,,,,,,,,,,,,
minoraverages/1948TSN,1947,Coastal Plain League,,F21196,Ruthko,,0,Goldsboro,,,,,,,,,,,,,38
minoraverages/1948TSN,1947,Coastal Plain League,,B00783,Salyer,Curtis M.,0,Goldsboro,75,,,,,,,,,,,,
minoraverages/1948TSN,1947,Coastal Plain League,,F20279,Salyer,,0,Goldsboro,,,,,,,,,,,,,75
minoraverages/1948TSN,1947,Coastal Plain League,,B00973,Sanner,Dale E.,0,Wilson,124,,,,,,,,,,,,
minoraverages/1948TSN,1947,Coastal Plain League,,F20350,Sanner,,0,Wilson,,,,,,,,,,,,,124
minoraverages/1948TSN,1947,Coastal Plain League,,B01572,Sawyer,William,0,Wilson,40,,,,,,,,,,,,
minoraverages/1948TSN,1947,Coastal Plain League,,F20240,Sawyer,,0,Wilson,,,,,,,,,,,,,40
minoraverages/1948TSN,1947,Coastal Plain League,,P10588,Saxon,,0,Tarboro,,7,,,,,,,,,,,
minoraverages/1948TSN,1947,Coastal Plain League,,B00130,Schroeder,Warren F.,0,Goldsboro,138,,,,,,,,,,,,
minoraverages/1948TSN,1947,Coastal Plain League,,F20832,Schroeder,,0,Goldsboro,,,,,,,,,,,,,138
minoraverages/1948TSN,1947,Coastal Plain League,,B01546,Schultz,Edward E.,0,Kinston,15,,,,,,,,,,,,
minoraverages/1948TSN,1947,Coastal Plain League,,F21887,Schultz,,0,Kinston,,,,,,,,,,,,,15
minoraverages/1948TSN,1947,Coastal Plain League,,P10455,Schultz,,0,Kinston,,11,,,,,,,,,,,
minoraverages/1948TSN,1947,Coastal Plain League,,B01740,Seawell,James T.,0,Kinston,17,,,,,,,,,,,,
minoraverages/1948TSN,1947,Coastal Plain League,,F21084,Seawell,,0,Kinston,,,,,,,,,,,,,17
minoraverages/1948TSN,1947,Coastal Plain League,,B01055,Settle,Charles S.,0,New Bern,88,,,,,,,,,,,,
minoraverages/1948TSN,1947,Coastal Plain League,,F21264,Settle,,0,New Bern,,,,,,,,,,,,,88
minoraverages/1948TSN,1947,Coastal Plain League,,B00293,Sheehan,Gerard J.,0,New Bern,50,,,,,,,,,,,,
minoraverages/1948TSN,1947,Coastal Plain League,,F21771,Sheehan,,0,New Bern,,,,,,,,,,,,,50
minoraverages/1948TSN,1947,Coastal Plain League,,P10289,Sheehan,,0,New Bern,,32,,,,,,,,,,,
minoraverages/1948TSN,1947,Coastal Plain League,,B01733,Simmons,Paul A.,0,Greenville,57,,,,,,,,,,,,
minoraverages/1948TSN,1947,Coastal Plain League,,F21335,Simmons,,0,Greenville,,,,,,,,,,,,,57
minoraverages/1948TSN,1947,Coastal Plain League,,B00667,Skelton,Robert R.,1,Tarboro,,,,,,,,,,,,,
minoraverages/1948TSN,1947,Coastal Plain League,,B00667,Skelton,Robert R.,2,Roanoke Rapids,,,,,,,,,,,,,
minoraverages/1948TSN,1947,Coastal Plain League,,B00667,Skelton,Robert R.,T,,127,,,,,,,,,,,,
minoraverages/1948TSN,1947,Coastal Plain League,,F20190,Skelton,,1,Tarboro,,,,,,,,,,,,,
minoraverages/1948TSN,1947,Coastal Plain League,,F20190,Skelton,,2,Roanoke Rapids,,,,,,,,,,,,,
minoraverages/1948TSN,1947,Coastal Plain League,,F20190,Skelton,,T,,,,,,,,,,,,,,127
minoraverages/1948TSN,1947,Coastal Plain League,,B00840,Solters,Frank F.,0,Roanoke Rapids,10,,,,,,,,,,,,
minoraverages/1948TSN,1947,Coastal Plain League,,F21865,Solters,,0,Roanoke Rapids,,,,,,,,,,,,,10
minoraverages/1948TSN,1947,Coastal Plain League,,B00948,Sorgi,Walter V.,0,Wilson,39,,,,,,,,,,,,
minoraverages/1948TSN,1947,Coastal Plain League,,F21207,Sorgi,,0,Wilson,,,,,,,,,,,,,39
minoraverages/1948TSN,1947,Coastal Plain League,,B00101,Soufas,Harry,0,New Bern,137,,,,,,,,,,,,
minoraverages/1948TSN,1947,Coastal Plain League,,F20038,Soufas,,0,New Bern,,,,,,,,,,,,,137
minoraverages/1948TSN,1947,Coastal Plain League,,B01899,Spires,Carol S.,0,New Bern,18,,,,,,,,,,,,
minoraverages/1948TSN,1947,Coastal Plain League,,F21531,Spires,,0,New Bern,,,,,,,,,,,,,18
minoraverages/1948TSN,1947,Coastal Plain League,,P10035,Spires,,0,New Bern,,18,,,,,,,,,,,
minoraverages/1948TSN,1947,Coastal Plain League,,B01551,Spitzer,Ernest,1,New Bern,,,,,,,,,,,,,
minoraverages/1948TSN,1947,Coastal Plain League,,B01551,Spitzer,Ernest,2,Rocky Mount,,,,,,,,,,,,,
minoraverages/1948TSN,1947,Coastal Plain League,,B01551,Spitzer,Ernest,T,,20,,,,,,,,,,,,
minoraverages/1948TSN,1947,Coastal Plain League,,F21356,Spitzer,,1,New Bern,,,,,,,,,,,,,
minoraverages/1948TSN,1947,Coastal Plain League,,F21356,Spitzer,,2,Rocky Mount,,,,,,,,,,,,,
minoraverages/1948TSN,1947,Coastal Plain League,,F21356,Spitzer,,T,,,,,,,,,,,,,,20
minoraverages/1948TSN,1947,Coastal Plain League,,P10399,Spitzer,,1,New Bern,,,,,,,,,,,,,
minoraverages/1948TSN,1947,Coastal Plain League,,P10399,Spitzer,,2,Rocky Mount,,,,,,,,,,,,,
minoraverages/1948TSN,1947,Coastal Plain League,,P10399,Spitzer,,T,,,19,,,,,,,,,,,
minoraverages/1948TSN,1947,Coastal Plain League,,B01812,Sposa,Joseph R.,0,Wilson,19,,,,,,,,,,,,
minoraverages/1948TSN,1947,Coastal Plain League,,F20153,Sposa,,0,Wilson,,,,,,,,,,,,,19
minoraverages/1948TSN,1947,Coastal Plain League,,B01124,Stalls,Paul F.,0,Roanoke Rapids,34,,,,,,,,,,,,
minoraverages/1948TSN,1947,Coastal Plain League,,F20474,Stalls,,0,Roanoke Rapids,,,,,,,,,,,,,34
minoraverages/1948TSN,1947,Coastal Plain League,,B00442,Stott,Grady B.,0,New Bern,80,,,,,,,,,,,,
minoraverages/1948TSN,1947,Coastal Plain League,,F20943,Stott,,0,New Bern,,,,,,,,,,,,,80
minoraverages/1948TSN,1947,Coastal Plain League,,B01227,Sweel,William J.,0,Kinston,94,,,,,,,,,,,,
minoraverages/1948TSN,1947,Coastal Plain League,,F21232,Sweel,,0,Kinston,,,,,,,,,,,,,94
minoraverages/1948TSN,1947,Coastal Plain League,,B01477,Taylor,James R.,0,Kinston,32,,,,,,,,,,,,
minoraverages/1948TSN,1947,Coastal Plain League,,F21450,Taylor,,0,Kinston,,,,,,,,,,,,,32
minoraverages/1948TSN,1947,Coastal Plain League,,P10100,Taylor,,0,Kinston,,30,,,,,,,,,,,
minoraverages/1948TSN,1947,Coastal Plain League,,B00308,Tepedino,Frank A.,0,Kinston,135,,,,,,,,,,,,
minoraverages/1948TSN,1947,Coastal Plain League,,F20552,Tepedino,,0,Kinston,,,,,,,,,,,,,135
minoraverages/1948TSN,1947,Coastal Plain League,,B01658,Thompson,James R.,0,Rocky Mount,33,,,,,,,,,,,,
minoraverages/1948TSN,1947,Coastal Plain League,,F20287,Thompson,,0,Rocky Mount,,,,,,,,,,,,,33
minoraverages/1948TSN,1947,Coastal Plain League,,B00037,Timm,Ordie C.,0,Greenville,62,,,,,,,,,,,,
minoraverages/1948TSN,1947,Coastal Plain League,,F20505,Timm,,0,Greenville,,,,,,,,,,,,,62
minoraverages/1948TSN,1947,Coastal Plain League,,B00811,Titus,Glenn C.,0,Roanoke Rapids,51,,,,,,,,,,,,
minoraverages/1948TSN,1947,Coastal Plain League,,F21434,Titus,,0,Roanoke Rapids,,,,,,,,,,,,,51
minoraverages/1948TSN,1947,Coastal Plain League,,P10184,Titus,,0,Roanoke Rapids,,38,,,,,,,,,,,
minoraverages/1948TSN,1947,Coastal Plain League,,B01617,Toth,Frank R.,0,Roanoke Rapids,31,,,,,,,,,,,,
minoraverages/1948TSN,1947,Coastal Plain League,,F21324,Toth,,0,Roanoke Rapids,,,,,,,,,,,,,31
minoraverages/1948TSN,1947,Coastal Plain League,,B01453,Trentalange,Joseph T.,0,Roanoke Rapids,14,,,,,,,,,,,,
minoraverages/1948TSN,1947,Coastal Plain League,,F20571,Trentalange,,0,Roanoke Rapids,,,,,,,,,,,,,14
minoraverages/1948TSN,1947,Coastal Plain League,,B01926,Turnage,Ronald E.,1,New Bern,,,,,,,,,,,,,
minoraverages/1948TSN,1947,Coastal Plain League,,B01926,Turnage,Ronald E.,2,Kinston,,,,,,,,,,,,,
minoraverages/1948TSN,1947,Coastal Plain League,,B01926,Turnage,Ronald E.,T,,15,,,,,,,,,,,,
minoraverages/1948TSN,1947,Coastal Plain League,,F21898,Turnage,,1,New Bern,,,,,,,,,,,,,
minoraverages/1948TSN,1947,Coastal Plain League,,F21898,Turnage,,2,Kinston,,,,,,,,,,,,,
minoraverages/1948TSN,1947,Coastal Plain League,,F21898,Turnage,,T,,,,,,,,,,,,,,15
minoraverages/1948TSN,1947,Coastal Plain League,,P10385,Turnage,,1,New Bern,,,,,,,,,,,,,
minoraverages/1948TSN,1947,Coastal Plain League,,P10385,Turnage,,2,Kinston,,,,,,,,,,,,,
minoraverages/1948TSN,1947,Coastal Plain League,,P10385,Turnage,,T,,,15,,,,,,,,,,,
minoraverages/1948TSN,1947,Coastal Plain League,,B01119,Urban (Urbanowicz),Raymond W.,0,New Bern,113,,,,,,,,,,,,
minoraverages/1948TSN,1947,Coastal Plain League,,F20425,Urbanowicz,,0,New Bern,,,,,,,,,,,,,113
minoraverages/1948TSN,1947,Coastal Plain League,,B00475,Walsh,John T.,0,New Bern,10,,,,,,,,,,,,
minoraverages/1948TSN,1947,Coastal Plain League,,F20166,Walsh,,0,New Bern,,,,,,,,,,,,,10
minoraverages/1948TSN,1947,Coastal Plain League,,B00747,Webb,John Monk,0,Wilson,42,,,,,,,,,,,,
minoraverages/1948TSN,1947,Coastal Plain League,,B00904,Webb,Melvin T.,0,Rocky Mount,138,,,,,,,,,,,,
minoraverages/1948TSN,1947,Coastal Plain League,,F20518,Webb,,0,Rocky Mount,,,,,,,,,,,,,138
minoraverages/1948TSN,1947,Coastal Plain League,,F21651,Webb,,0,Wilson,,,,,,,,,,,,,42
minoraverages/1948TSN,1947,Coastal Plain League,,P10176,Webb,,0,Wilson,,41,,,,,,,,,,,
minoraverages/1948TSN,1947,Coastal Plain League,,B01722,Whiteheart,Francis M.,0,Goldsboro,26,,,,,,,,,,,,
minoraverages/1948TSN,1947,Coastal Plain League,,F21680,Whiteheart,,0,Goldsboro,,,,,,,,,,,,,26
minoraverages/1948TSN,1947,Coastal Plain League,,P10070,Whiteheart,,0,Goldsboro,,24,,,,,,,,,,,
minoraverages/1948TSN,1947,Coastal Plain League,,B00427,Whitener,Clyde W.,0,Goldsboro,102,,,,,,,,,,,,
minoraverages/1948TSN,1947,Coastal Plain League,,F20855,Whitener,,0,Goldsboro,,,,,,,,,,,,,102
minoraverages/1948TSN,1947,Coastal Plain League,,B00335,Wilson,Max,0,Wilson,35,,,,,,,,,,,,
minoraverages/1948TSN,1947,Coastal Plain League,,F21343,Wilson,,0,Wilson,,,,,,,,,,,,,35
minoraverages/1948TSN,1947,Coastal Plain League,,P10024,Wilson,,0,Wilson,,25,,,,,,,,,,,
minoraverages/1948TSN,1947,Coastal Plain League,,B00718,Winkel,John W.,0,Kinston,127,,,,,,,,,,,,
minoraverages/1948TSN,1947,Coastal Plain League,,F20661,Winkel,,0,Kinston,,,,,,,,,,,,,127
minoraverages/1948TSN,1947,Coastal Plain League,,B00999,Winstead,Ralph C.,0,Roanoke Rapids,39,,,,,,,,,,,,
minoraverages/1948TSN,1947,Coastal Plain League,,F20878,Winstead,,0,Roanoke Rapids,,,,,,,,,,,,,39
minoraverages/1948TSN,1947,Coastal Plain League,,B00434,Wolfe,John B.,0,Wilson,133,,,,,,,,,,,,
minoraverages/1948TSN,1947,Coastal Plain League,,F20700,Wolfe,,0,Wilson,,,,,,,,,,,,,133
minoraverages/1948TSN,1947,Coastal Plain League,,B01848,Yeagle,James E.,0,Greenville,22,,,,,,,,,,,,
minoraverages/1948TSN,1947,Coastal Plain League,,F21308,Yeagle,,0,Greenville,,,,,,,,,,,,,22
minoraverages/1948TSN,1947,Coastal Plain League,,B00207,Zunno,Salvatore T.,0,New Bern,136,,,,,,,,,,,,
minoraverages/1948TSN,1947,Coastal Plain League,,F20886,Zunno,,0,New Bern,,,,,,,,,,,,,136
