source,league.year,league.name,ident,person.ref,person.name.last,person.name.given,S_STINT,entry.name,S_FIRST,S_LAST,B_G,P_G,F_1B_G,F_2B_G,F_3B_G,F_SS_G,F_OF_G,F_LF_G,F_CF_G,F_RF_G,F_C_G,F_P_G,F_ALL_G
minoraverages/1915Reach,1914,American Association,adams,B01523,Adams,,0,Indianapolis,,,24,,,,,,,,,,,,
minoraverages/1915Reach,1914,American Association,adams,F21544,Adams,,0,Indianapolis,,,,,,,,,,,,,,24,
minoraverages/1915Reach,1914,American Association,adams,P10289,Adams,,0,Indianapolis,,,,26,,,,,,,,,,,
minoraverages/1915Reach,1914,American Association,adams,P11128,Adams,,0,Indianapolis,,,,26,,,,,,,,,,,
minoraverages/1915Reach,1914,American Association,allen,B01300,Allen,,0,Indianapolis,,,25,,,,,,,,,,,,
minoraverages/1915Reach,1914,American Association,allen,F21059,Allen,,0,Indianapolis,,,,,,,,,22,,,,,,
minoraverages/1915Reach,1914,American Association,allison,B01466,Allison,,0,Kansas City,,,31,,,,,,,,,,,,
minoraverages/1915Reach,1914,American Association,allison,F21130,Allison,,0,Kansas City,,,,,,,,,,,,,,31,
minoraverages/1915Reach,1914,American Association,allison,P10606,Allison,,0,Kansas City,,,,35,,,,,,,,,,,
minoraverages/1915Reach,1914,American Association,allison,P11051,Allison,,0,Kansas City,,,,35,,,,,,,,,,,
minoraverages/1915Reach,1914,American Association,altizer,B00092,Altizer,,0,Minneapolis,,,170,,,,,,,,,,,,
minoraverages/1915Reach,1914,American Association,altizer,F20482,Altizer,,0,Minneapolis,,,,,,,,170,,,,,,,
minoraverages/1915Reach,1914,American Association,autrey,B00957,Autrey,,0,St. Paul,,,168,,,,,,,,,,,,
minoraverages/1915Reach,1914,American Association,autrey,F20023,Autrey,,0,St. Paul,,,,,168,,,,,,,,,,
minoraverages/1915Reach,1914,American Association,bailey,B00362,Bailey,,1,St. Paul,,,,,,,,,,,,,,,
minoraverages/1915Reach,1914,American Association,bailey,B00362,Bailey,,2,Columbus,,,,,,,,,,,,,,,
minoraverages/1915Reach,1914,American Association,bailey,B00362,Bailey,,T,,,,63,,,,,,,,,,,,
minoraverages/1915Reach,1914,American Association,bailey,F20737,Bailey,,1,St. Paul,,,,,,,,,yes,,,,,,
minoraverages/1915Reach,1914,American Association,bailey,F20737,Bailey,,2,Columbus,,,,,,,,,yes,,,,,,
minoraverages/1915Reach,1914,American Association,bailey,F20737,Bailey,,T,,,,,,,,,,61,,,,,,
minoraverages/1915Reach,1914,American Association,baker,P10192,Baker,,0,Louisville,,,,11,,,,,,,,,,,
minoraverages/1915Reach,1914,American Association,baker,P11425,Baker,,0,Louisville,,,,11,,,,,,,,,,,
minoraverages/1915Reach,1914,American Association,barbeau,B00488,Barbeau,,0,Milwaukee,,,68,,,,,,,,,,,,
minoraverages/1915Reach,1914,American Association,barbeau,F20547,Barbeau,,0,Milwaukee,,,,,,,,46,,,,,,,
minoraverages/1915Reach,1914,American Association,baskette,B00544,Baskette,,1,Cleveland,,,,,,,,,,,,,,,
minoraverages/1915Reach,1914,American Association,baskette,B00544,Baskette,,2,Kansas City,,,,,,,,,,,,,,,
minoraverages/1915Reach,1914,American Association,baskette,B00544,Baskette,,T,,,,40,,,,,,,,,,,,
minoraverages/1915Reach,1914,American Association,baskette,F21531,Baskette,,1,Cleveland,,,,,,,,,,,,,,yes,
minoraverages/1915Reach,1914,American Association,baskette,F21531,Baskette,,2,Kansas City,,,,,,,,,,,,,,yes,
minoraverages/1915Reach,1914,American Association,baskette,F21531,Baskette,,T,,,,,,,,,,,,,,,38,
minoraverages/1915Reach,1914,American Association,baskette,P10633,Baskette,,1,Cleveland,,,,,,,,,,,,,,,
minoraverages/1915Reach,1914,American Association,baskette,P10633,Baskette,,2,Kansas City,,,,,,,,,,,,,,,
minoraverages/1915Reach,1914,American Association,baskette,P10633,Baskette,,T,,,,,44,,,,,,,,,,,
minoraverages/1915Reach,1914,American Association,baskette,P10963,Baskette,,1,Cleveland,,,,,,,,,,,,,,,
minoraverages/1915Reach,1914,American Association,baskette,P10963,Baskette,,2,Kansas City,,,,,,,,,,,,,,,
minoraverages/1915Reach,1914,American Association,baskette,P10963,Baskette,,T,,,,,44,,,,,,,,,,,
minoraverages/1915Reach,1914,American Association,bates,B00370,Bates,,0,Cleveland,,,72,,,,,,,,,,,,
minoraverages/1915Reach,1914,American Association,bates,F20391,Bates,,0,Cleveland,,,,,,,62,,,,,,,,
minoraverages/1915Reach,1914,American Association,beall,B00196,Beall,,0,Milwaukee,,,169,,,,,,,,,,,,
minoraverages/1915Reach,1914,American Association,beall,F20657,Beall,,0,Milwaukee,,,,,,,,,169,,,,,,
minoraverages/1915Reach,1914,American Association,beck,P10709,Beck,,0,Cleveland,,,,7,,,,,,,,,,,
minoraverages/1915Reach,1914,American Association,beck,P11496,Beck,,0,Cleveland,,,,7,,,,,,,,,,,
minoraverages/1915Reach,1914,American Association,benn,P10569,Benn,,0,Cleveland,,,,14,,,,,,,,,,,
minoraverages/1915Reach,1914,American Association,benn,P11350,Benn,,0,Cleveland,,,,14,,,,,,,,,,,
minoraverages/1915Reach,1914,American Association,benson,B00912,Benson,,0,Columbus,,,93,,,,,,,,,,,,
minoraverages/1915Reach,1914,American Association,benson,F20206,Benson,,0,Columbus,,,,,,91,,,,,,,,,
minoraverages/1915Reach,1914,American Association,berg,B00879,Berg,,0,Milwaukee,,,148,,,,,,,,,,,,
minoraverages/1915Reach,1914,American Association,berg,F20211,Berg,,0,Milwaukee,,,,,,18,,,,,,,,,
minoraverages/1915Reach,1914,American Association,berg,F20417,Berg,,0,Milwaukee,,,,,,,16,,,,,,,,
minoraverages/1915Reach,1914,American Association,berg,F20552,Berg,,0,Milwaukee,,,,,,,,113,,,,,,,
minoraverages/1915Reach,1914,American Association,billings,B01093,Billings,,0,Cleveland,,,47,,,,,,,,,,,,
minoraverages/1915Reach,1914,American Association,billings,F21695,Billings,,0,Cleveland,,,,,,,,,,,,,43,,
minoraverages/1915Reach,1914,American Association,blackburn,B00739,Blackburn,,0,Indianapolis,,,45,,,,,,,,,,,,
minoraverages/1915Reach,1914,American Association,blackburn,F21672,Blackburn,,0,Indianapolis,,,,,,,,,,,,,38,,
minoraverages/1915Reach,1914,American Association,boardman,P10805,Boardman,,0,St. Paul,,,,9,,,,,,,,,,,
minoraverages/1915Reach,1914,American Association,boardman,P11526,Boardman,,0,St. Paul,,,,9,,,,,,,,,,,
minoraverages/1915Reach,1914,American Association,boothby,P10176,Boothby,,0,Columbus,,,,9,,,,,,,,,,,
minoraverages/1915Reach,1914,American Association,boothby,P11482,Boothby,,0,Columbus,,,,9,,,,,,,,,,,
minoraverages/1915Reach,1914,American Association,bowman,P10253,Bowman,,0,Cleveland,,,,9,,,,,,,,,,,
minoraverages/1915Reach,1914,American Association,bowman,P11391,Bowman,,0,Cleveland,,,,9,,,,,,,,,,,
minoraverages/1915Reach,1914,American Association,braun,B00920,Braun,,0,Milwaukee,,,29,,,,,,,,,,,,
minoraverages/1915Reach,1914,American Association,braun,F21278,Braun,,0,Milwaukee,,,,,,,,,,,,,,23,
minoraverages/1915Reach,1914,American Association,braun,P10244,Braun,,0,Milwaukee,,,,29,,,,,,,,,,,
minoraverages/1915Reach,1914,American Association,braun,P11211,Braun,,0,Milwaukee,,,,29,,,,,,,,,,,
minoraverages/1915Reach,1914,American Association,brenton,B01275,Brenton,,0,Cleveland,,,31,,,,,,,,,,,,
minoraverages/1915Reach,1914,American Association,brenton,F21442,Brenton,,0,Cleveland,,,,,,,,,,,,,,31,
minoraverages/1915Reach,1914,American Association,brenton,P10266,Brenton,,0,Cleveland,,,,32,,,,,,,,,,,
minoraverages/1915Reach,1914,American Association,brenton,P11046,Brenton,,0,Cleveland,,,,32,,,,,,,,,,,
minoraverages/1915Reach,1914,American Association,brief,B00158,Brief,,0,Kansas City,,,169,,,,,,,,,,,,
minoraverages/1915Reach,1914,American Association,brief,F20046,Brief,,0,Kansas City,,,,,169,,,,,,,,,,
minoraverages/1915Reach,1914,American Association,bronkie,B00680,Bronkie,,0,Indianapolis,,,157,,,,,,,,,,,,
minoraverages/1915Reach,1914,American Association,bronkie,F20327,Bronkie,,0,Indianapolis,,,,,,,157,,,,,,,,
minoraverages/1915Reach,1914,American Association,buemiller,B00961,Buemiller,,0,Louisville,,,130,,,,,,,,,,,,
minoraverages/1915Reach,1914,American Association,buemiller,F20463,Buemiller,,0,Louisville,,,,,,,,130,,,,,,,
minoraverages/1915Reach,1914,American Association,burch,B00397,Burch,,0,Louisville,,,107,,,,,,,,,,,,
minoraverages/1915Reach,1914,American Association,burch,F21021,Burch,,0,Louisville,,,,,,,,,92,,,,,,
minoraverages/1915Reach,1914,American Association,burk,B01453,Burk,,0,Indianapolis,,,28,,,,,,,,,,,,
minoraverages/1915Reach,1914,American Association,burk,F21434,Burk,,0,Indianapolis,,,,,,,,,,,,,,28,
minoraverages/1915Reach,1914,American Association,burk,P10159,Burk,,0,Indianapolis,,,,35,,,,,,,,,,,
minoraverages/1915Reach,1914,American Association,burk,P11095,Burk,,0,Indianapolis,,,,35,,,,,,,,,,,
minoraverages/1915Reach,1914,American Association,burns,B01428,Burns,,1,Minneapolis,,,,,,,,,,,,,,,
minoraverages/1915Reach,1914,American Association,burns,B01428,Burns,,2,Louisville,,,,,,,,,,,,,,,
minoraverages/1915Reach,1914,American Association,burns,B01428,Burns,,T,,,,41,,,,,,,,,,,,
minoraverages/1915Reach,1914,American Association,burns,F21416,Burns,,1,Minneapolis,,,,,,,,,,,,,,yes,
minoraverages/1915Reach,1914,American Association,burns,F21416,Burns,,2,Louisville,,,,,,,,,,,,,,yes,
minoraverages/1915Reach,1914,American Association,burns,F21416,Burns,,T,,,,,,,,,,,,,,,41,
minoraverages/1915Reach,1914,American Association,burns,P10373,Burns,,1,Minneapolis,,,,,,,,,,,,,,,
minoraverages/1915Reach,1914,American Association,burns,P10373,Burns,,2,Louisville,,,,,,,,,,,,,,,
minoraverages/1915Reach,1914,American Association,burns,P10373,Burns,,T,,,,,47,,,,,,,,,,,
minoraverages/1915Reach,1914,American Association,burns,P10925,Burns,,1,Minneapolis,,,,,,,,,,,,,,,
minoraverages/1915Reach,1914,American Association,burns,P10925,Burns,,2,Louisville,,,,,,,,,,,,,,,
minoraverages/1915Reach,1914,American Association,burns,P10925,Burns,,T,,,,,47,,,,,,,,,,,
minoraverages/1915Reach,1914,American Association,calahan,B00286,Calahan,,0,Louisville,,,19,,,,,,,,,,,,
minoraverages/1915Reach,1914,American Association,calahan,F20604,Calahan,,0,Louisville,,,,,,,,,19,,,,,,
minoraverages/1915Reach,1914,American Association,capron,B01197,Capron,,1,Milwaukee,,,,,,,,,,,,,,,
minoraverages/1915Reach,1914,American Association,capron,B01197,Capron,,2,St. Paul,,,,,,,,,,,,,,,
minoraverages/1915Reach,1914,American Association,capron,B01197,Capron,,T,,,,49,,,,,,,,,,,,
minoraverages/1915Reach,1914,American Association,capron,F20997,Capron,,1,Milwaukee,,,,,,,,,yes,,,,,,
minoraverages/1915Reach,1914,American Association,capron,F20997,Capron,,2,St. Paul,,,,,,,,,yes,,,,,,
minoraverages/1915Reach,1914,American Association,capron,F20997,Capron,,T,,,,,,,,,,40,,,,,,
minoraverages/1915Reach,1914,American Association,case,P10780,Case,,0,Minneapolis,,,,5,,,,,,,,,,,
minoraverages/1915Reach,1914,American Association,case,P11539,Case,,0,Minneapolis,,,,5,,,,,,,,,,,
minoraverages/1915Reach,1914,American Association,clark,B00264,Clark,,0,Milwaukee,,,150,,,,,,,,,,,,
minoraverages/1915Reach,1914,American Association,clark,F20375,Clark,,0,Milwaukee,,,,,,,142,,,,,,,,
minoraverages/1915Reach,1914,American Association,clemons,B00084,Clemons,V.,0,Louisville,,,91,,,,,,,,,,,,
minoraverages/1915Reach,1914,American Association,clemons,F21553,Clemons,,0,Louisville,,,,,,,,,,,,,54,,
minoraverages/1915Reach,1914,American Association,clemons,P10542,Clemons,,0,Louisville,,,,12,,,,,,,,,,,
minoraverages/1915Reach,1914,American Association,clemons,P11449,Clemons,,0,Louisville,,,,12,,,,,,,,,,,
minoraverages/1915Reach,1914,American Association,clothier,B00822,Clothier,,0,Louisville,,,33,,,,,,,,,,,,
minoraverages/1915Reach,1914,American Association,clothier,F20583,Clothier,,0,Louisville,,,,,,,,28,,,,,,,
minoraverages/1915Reach,1914,American Association,clymer,B01078,Clymer,,0,Minneapolis,,,26,,,,,,,,,,,,
minoraverages/1915Reach,1914,American Association,clymer,F20908,Clymer,,0,Minneapolis,,,,,,,,,25,,,,,,
minoraverages/1915Reach,1914,American Association,cole,B00747,Cole,,0,Indianapolis,,,155,,,,,,,,,,,,
minoraverages/1915Reach,1914,American Association,cole,F20807,Cole,,0,Indianapolis,,,,,,,,,154,,,,,,
minoraverages/1915Reach,1914,American Association,collamore,P10320,Collamore,,0,Cleveland,,,,9,,,,,,,,,,,
minoraverages/1915Reach,1914,American Association,collamore,P11316,Collamore,,0,Cleveland,,,,9,,,,,,,,,,,
minoraverages/1915Reach,1914,American Association,compton,B00101,Compton,,0,Kansas City,,,166,,,,,,,,,,,,
minoraverages/1915Reach,1914,American Association,compton,F20713,Compton,,0,Kansas City,,,,,,,,,164,,,,,,
minoraverages/1915Reach,1914,American Association,cook,B00865,Cook,,0,Columbus,,,37,,,,,,,,,,,,
minoraverages/1915Reach,1914,American Association,cook,F21241,Cook,,0,Columbus,,,,,,,,,,,,,,33,
minoraverages/1915Reach,1914,American Association,cook,P10348,Cook,,0,Columbus,,,,37,,,,,,,,,,,
minoraverages/1915Reach,1914,American Association,cook,P10958,Cook,,0,Columbus,,,,37,,,,,,,,,,,
minoraverages/1915Reach,1914,American Association,covington,B00904,Covington,,1,Cleveland,,,,,,,,,,,,,,,
minoraverages/1915Reach,1914,American Association,covington,B00904,Covington,,2,Kansas City,,,,,,,,,,,,,,,
minoraverages/1915Reach,1914,American Association,covington,B00904,Covington,,T,,,,16,,,,,,,,,,,,
minoraverages/1915Reach,1914,American Association,covington,P10168,Covington,,1,Kansas City,,,,,,,,,,,,,,,
minoraverages/1915Reach,1914,American Association,covington,P10168,Covington,,2,Cleveland,,,,,,,,,,,,,,,
minoraverages/1915Reach,1914,American Association,covington,P10168,Covington,,T,,,,,15,,,,,,,,,,,
minoraverages/1915Reach,1914,American Association,covington,P11287,Covington,,1,Kansas City,,,,,,,,,,,,,,,
minoraverages/1915Reach,1914,American Association,covington,P11287,Covington,,2,Cleveland,,,,,,,,,,,,,,,
minoraverages/1915Reach,1914,American Association,covington,P11287,Covington,,T,,,,,15,,,,,,,,,,,
minoraverages/1915Reach,1914,American Association,crandall,B00623,Crandall,,0,Indianapolis,,,146,,,,,,,,,,,,
minoraverages/1915Reach,1914,American Association,crandall,F20240,Crandall,,0,Indianapolis,,,,,,143,,,,,,,,,
minoraverages/1915Reach,1914,American Association,cutting,B01567,Cutting,,0,Milwaukee,,,25,,,,,,,,,,,,
minoraverages/1915Reach,1914,American Association,cutting,F21076,Cutting,,0,Milwaukee,,,,,,,,,,,,,,25,
minoraverages/1915Reach,1914,American Association,cutting,P10113,Cutting,,0,Milwaukee,,,,30,,,,,,,,,,,
minoraverages/1915Reach,1914,American Association,cutting,P11144,Cutting,,0,Milwaukee,,,,30,,,,,,,,,,,
minoraverages/1915Reach,1914,American Association,daley,B00695,Daley,,0,Columbus,,,95,,,,,,,,,,,,
minoraverages/1915Reach,1914,American Association,daley,F20265,Daley,,0,Columbus,,,,,,61,,,,,,,,,
minoraverages/1915Reach,1914,American Association,daley,F20303,Daley,,0,Columbus,,,,,,,15,,,,,,,,
minoraverages/1915Reach,1914,American Association,danforth,P10432,Danforth,,0,Louisville,,,,13,,,,,,,,,,,
minoraverages/1915Reach,1914,American Association,danforth,P11298,Danforth,,0,Louisville,,,,13,,,,,,,,,,,
minoraverages/1915Reach,1914,American Association,davis,B00999,Davis,,0,Columbus,,,44,,,,,,,,,,,,
minoraverages/1915Reach,1914,American Association,davis,F21370,Davis,,0,Columbus,,,,,,,,,,,,,,41,
minoraverages/1915Reach,1914,American Association,davis,P10336,Davis,,0,Columbus,,,,44,,,,,,,,,,,
minoraverages/1915Reach,1914,American Association,davis,P10949,Davis,,0,Columbus,,,,44,,,,,,,,,,,
minoraverages/1915Reach,1914,American Association,delhi,B00840,Delhi,,0,Kansas City,,,61,,,,,,,,,,,,
minoraverages/1915Reach,1914,American Association,delhi,F20784,Delhi,,0,Kansas City,,,,,,,,,20,,,,,,
minoraverages/1915Reach,1914,American Association,delhi,F21264,Delhi,,0,Kansas City,,,,,,,,,,,,,,31,
minoraverages/1915Reach,1914,American Association,delhi,P10534,Delhi,,0,Kansas City,,,,32,,,,,,,,,,,
minoraverages/1915Reach,1914,American Association,delhi,P11080,Delhi,,0,Kansas City,,,,32,,,,,,,,,,,
minoraverages/1915Reach,1914,American Association,dell,B00528,Dell,,0,Columbus,,,81,,,,,,,,,,,,
minoraverages/1915Reach,1914,American Association,dell,F20832,Dell,,0,Columbus,,,,,,,,,81,,,,,,
minoraverages/1915Reach,1914,American Association,devogt,B00887,Devogt,,0,Cleveland,,,114,,,,,,,,,,,,
minoraverages/1915Reach,1914,American Association,devogt,F21667,Devogt,,0,Cleveland,,,,,,,,,,,,,111,,
minoraverages/1915Reach,1914,American Association,dodge,B01234,Dodge,,0,Louisville,,,84,,,,,,,,,,,,
minoraverages/1915Reach,1914,American Association,dodge,F20388,Dodge,,0,Louisville,,,,,,,83,,,,,,,,
minoraverages/1915Reach,1914,American Association,donly,P11583,Donly,,0,,,,,4,,,,,,,,,,,
minoraverages/1915Reach,1914,American Association,dougherty,B01509,Dougherty,,0,Milwaukee,,,29,,,,,,,,,,,,
minoraverages/1915Reach,1914,American Association,dougherty,F21335,Dougherty,,0,Milwaukee,,,,,,,,,,,,,,25,
minoraverages/1915Reach,1914,American Association,dougherty,P10312,Dougherty,,0,Milwaukee,,,,25,,,,,,,,,,,
minoraverages/1915Reach,1914,American Association,dougherty,P11153,Dougherty,,0,Milwaukee,,,,25,,,,,,,,,,,
minoraverages/1915Reach,1914,American Association,downey,B01029,Downey,,0,Kansas City,,,137,,,,,,,,,,,,
minoraverages/1915Reach,1914,American Association,downey,F20279,Downey,,0,Kansas City,,,,,,15,,,,,,,,,
minoraverages/1915Reach,1914,American Association,downey,F20342,Downey,,0,Kansas City,,,,,,,112,,,,,,,,
minoraverages/1915Reach,1914,American Association,drucke,P10772,Drucke,,0,Minneapolis,,,,10,,,,,,,,,,,
minoraverages/1915Reach,1914,American Association,drucke,P11474,Drucke,,0,Minneapolis,,,,10,,,,,,,,,,,
minoraverages/1915Reach,1914,American Association,dumont,P10622,Dumont,,0,Minneapolis,,,,9,,,,,,,,,,,
minoraverages/1915Reach,1914,American Association,dumont,P11388,Dumont,,0,Minneapolis,,,,9,,,,,,,,,,,
minoraverages/1915Reach,1914,American Association,duval,P10478,Duval,,0,Minneapolis,,,,5,,,,,,,,,,,
minoraverages/1915Reach,1914,American Association,duval,P11594,Duval,,0,Minneapolis,,,,5,,,,,,,,,,,
minoraverages/1915Reach,1914,American Association,eayrs,B01135,Eayrs,,0,Columbus,,,81,,,,,,,,,,,,
minoraverages/1915Reach,1914,American Association,eayrs,F20962,Eayrs,,0,Columbus,,,,,,,,,16,,,,,,
minoraverages/1915Reach,1914,American Association,eayrs,F21450,Eayrs,,0,Columbus,,,,,,,,,,,,,,25,
minoraverages/1915Reach,1914,American Association,eayrs,P10493,Eayrs,,0,Columbus,,,,28,,,,,,,,,,,
minoraverages/1915Reach,1914,American Association,eayrs,P11115,Eayrs,,0,Columbus,,,,28,,,,,,,,,,,
minoraverages/1915Reach,1914,American Association,eddington,B00854,Eddington,,1,Columbus,,,,,,,,,,,,,,,
minoraverages/1915Reach,1914,American Association,eddington,B00854,Eddington,,2,Indianapolis,,,,,,,,,,,,,,,
minoraverages/1915Reach,1914,American Association,eddington,B00854,Eddington,,T,,,,28,,,,,,,,,,,,
minoraverages/1915Reach,1914,American Association,eddington,F21013,Eddington,,1,Columbus,,,,,,,,,yes,,,,,,
minoraverages/1915Reach,1914,American Association,eddington,F21013,Eddington,,2,Indianapolis,,,,,,,,,yes,,,,,,
minoraverages/1915Reach,1914,American Association,eddington,F21013,Eddington,,T,,,,,,,,,,27,,,,,,
minoraverages/1915Reach,1914,American Association,ellis,B01402,Ellis,,0,Louisville,,,27,,,,,,,,,,,,
minoraverages/1915Reach,1914,American Association,ellis,F21308,Ellis,,0,Louisville,,,,,,,,,,,,,,27,
minoraverages/1915Reach,1914,American Association,ellis,P10228,Ellis,,0,Louisville,,,,33,,,,,,,,,,,
minoraverages/1915Reach,1914,American Association,ellis,P11189,Ellis,,0,Louisville,,,,33,,,,,,,,,,,
minoraverages/1915Reach,1914,American Association,felch,B00232,Felch,,0,Milwaukee,,,151,,,,,,,,,,,,
minoraverages/1915Reach,1914,American Association,felch,F20792,Felch,,0,Milwaukee,,,,,,,,,145,,,,,,
minoraverages/1915Reach,1914,American Association,ferry,B01376,Ferry,,0,Columbus,,,22,,,,,,,,,,,,
minoraverages/1915Reach,1914,American Association,ferry,F21255,Ferry,,0,Columbus,,,,,,,,,,,,,,22,
minoraverages/1915Reach,1914,American Association,ferry,P10399,Ferry,,0,Columbus,,,,23,,,,,,,,,,,
minoraverages/1915Reach,1914,American Association,ferry,P11190,Ferry,,0,Columbus,,,,23,,,,,,,,,,,
minoraverages/1915Reach,1914,American Association,fiene,B00381,Fiene,,0,Minneapolis,,,124,,,,,,,,,,,,
minoraverages/1915Reach,1914,American Association,fiene,F20014,Fiene,,0,Minneapolis,,,,,23,,,,,,,,,,
minoraverages/1915Reach,1914,American Association,fiene,F20700,Fiene,,0,Minneapolis,,,,,,,,,51,,,,,,
minoraverages/1915Reach,1914,American Association,fiene,F21084,Fiene,,0,Minneapolis,,,,,,,,,,,,,,26,
minoraverages/1915Reach,1914,American Association,fiene,P10361,Fiene,,0,Minneapolis,,,,26,,,,,,,,,,,
minoraverages/1915Reach,1914,American Association,fiene,P11072,Fiene,,0,Minneapolis,,,,26,,,,,,,,,,,
minoraverages/1915Reach,1914,American Association,frost,P10575,Frost,,0,Cleveland,,,,6,,,,,,,,,,,
minoraverages/1915Reach,1914,American Association,frost,P11571,Frost,,0,Cleveland,,,,6,,,,,,,,,,,
minoraverages/1915Reach,1914,American Association,gallia,B01490,Gallia,,0,Kansas City,,,46,,,,,,,,,,,,
minoraverages/1915Reach,1914,American Association,gallia,F21356,Gallia,,0,Kansas City,,,,,,,,,,,,,,45,
minoraverages/1915Reach,1914,American Association,gallia,P10062,Gallia,,0,Kansas City,,,,51,,,,,,,,,,,
minoraverages/1915Reach,1914,American Association,gallia,P10839,Gallia,,0,Kansas City,,,,51,,,,,,,,,,,
minoraverages/1915Reach,1914,American Association,galloway,B00356,Galloway,,0,Indianapolis,,,132,,,,,,,,,,,,
minoraverages/1915Reach,1914,American Association,galloway,F20190,Galloway,,0,Indianapolis,,,,,,27,,,,,,,,,
minoraverages/1915Reach,1914,American Association,galloway,F20526,Galloway,,0,Indianapolis,,,,,,,,80,,,,,,,
minoraverages/1915Reach,1914,American Association,gardner-cle,B00416,Gardner,,0,Cleveland,,,118,,,,,,,,,,,,
minoraverages/1915Reach,1914,American Association,gardner-sp,B01288,Gardner,,0,St. Paul,,,38,,,,,,,,,,,,
minoraverages/1915Reach,1914,American Association,gardner-cle,F20166,Gardner,,0,Cleveland,,,,,,112,,,,,,,,,
minoraverages/1915Reach,1914,American Association,gardner-sp,F21182,Gardner,,0,St. Paul,,,,,,,,,,,,,,38,
minoraverages/1915Reach,1914,American Association,gardner-sp,P10550,Gardner,,0,St. Paul,,,,42,,,,,,,,,,,
minoraverages/1915Reach,1914,American Association,gardner-sp,P10917,Gardner,,0,St. Paul,,,,42,,,,,,,,,,,
minoraverages/1915Reach,1914,American Association,geibel,B00898,Geibel,,0,Kansas City,,,109,,,,,,,,,,,,
minoraverages/1915Reach,1914,American Association,geibel,F21726,Geibel,,0,Kansas City,,,,,,,,,,,,,103,,
minoraverages/1915Reach,1914,American Association,george,B00255,George,,0,Cleveland,,,44,,,,,,,,,,,,
minoraverages/1915Reach,1914,American Association,george,F21101,George,,0,Cleveland,,,,,,,,,,,,,,40,
minoraverages/1915Reach,1914,American Association,george,P10455,George,,0,Cleveland,,,,40,,,,,,,,,,,
minoraverages/1915Reach,1914,American Association,george,P10894,George,,0,Cleveland,,,,40,,,,,,,,,,,
minoraverages/1915Reach,1914,American Association,gerber,B00752,Gerber,,0,Columbus,,,161,,,,,,,,,,,,
minoraverages/1915Reach,1914,American Association,gerber,F20458,Gerber,,0,Columbus,,,,,,,,161,,,,,,,
minoraverages/1915Reach,1914,American Association,gharrity,B01086,Gharrity,,0,Minneapolis,,,21,,,,,,,,,,,,
minoraverages/1915Reach,1914,American Association,gharrity,F21614,Gharrity,,0,Minneapolis,,,,,,,,,,,,,18,,
minoraverages/1915Reach,1914,American Association,gilligan,B00646,Gilligan,,0,Minneapolis,,,21,,,,,,,,,,,,
minoraverages/1915Reach,1914,American Association,gilligan,F21229,Gilligan,,0,Minneapolis,,,,,,,,,,,,,,20,
minoraverages/1915Reach,1914,American Association,gilligan,P10464,Gilligan,,0,Minneapolis,,,,20,,,,,,,,,,,
minoraverages/1915Reach,1914,American Association,gilligan,P11206,Gilligan,,0,Minneapolis,,,,20,,,,,,,,,,,
minoraverages/1915Reach,1914,American Association,glenn,B00590,Glenn,,0,St. Paul,,,104,,,,,,,,,,,,
minoraverages/1915Reach,1914,American Association,glenn,F21623,Glenn,,0,St. Paul,,,,,,,,,,,,,92,,
minoraverages/1915Reach,1914,American Association,goshorn,P10202,Goshorn,,0,Columbus,,,,8,,,,,,,,,,,
minoraverages/1915Reach,1914,American Association,goshorn,P11430,Goshorn,,0,Columbus,,,,8,,,,,,,,,,,
minoraverages/1915Reach,1914,American Association,gossett,B01181,Gossett,,0,Indianapolis,,,40,,,,,,,,,,,,
minoraverages/1915Reach,1914,American Association,gossett,F21680,Gossett,,0,Indianapolis,,,,,,,,,,,,,34,,
minoraverages/1915Reach,1914,American Association,green,P10137,Green,,0,Columbus,,,,8,,,,,,,,,,,
minoraverages/1915Reach,1914,American Association,green,P11401,Green,,0,Columbus,,,,8,,,,,,,,,,,
minoraverages/1915Reach,1914,American Association,griffith,B00059,Griffith,,0,Indianapolis,,,136,,,,,,,,,,,,
minoraverages/1915Reach,1914,American Association,griffith,F20924,Griffith,,0,Indianapolis,,,,,,,,,136,,,,,,
minoraverages/1915Reach,1914,American Association,haggerty,P10357,Haggerty,,0,Cleveland,,,,5,,,,,,,,,,,
minoraverages/1915Reach,1914,American Association,haggerty,P11612,Haggerty,,0,Cleveland,,,,5,,,,,,,,,,,
minoraverages/1915Reach,1914,American Association,hall,B00308,Hall,,0,St. Paul,,,99,,,,,,,,,,,,
minoraverages/1915Reach,1914,American Association,hall,F21000,Hall,,0,St. Paul,,,,,,,,,52,,,,,,
minoraverages/1915Reach,1914,American Association,hall,F21196,Hall,,0,St. Paul,,,,,,,,,,,,,,35,
minoraverages/1915Reach,1914,American Association,hall,P10527,Hall,,0,St. Paul,,,,37,,,,,,,,,,,
minoraverages/1915Reach,1914,American Association,hall,P10930,Hall,,0,St. Paul,,,,37,,,,,,,,,,,
minoraverages/1915Reach,1914,American Association,harrington,P10738,Harrington,,0,Indianapolis,,,,6,,,,,,,,,,,
minoraverages/1915Reach,1914,American Association,harrington,P11604,Harrington,,0,Indianapolis,,,,6,,,,,,,,,,,
minoraverages/1915Reach,1914,American Association,hemphill,B00515,Hemphill,,0,St. Paul,,,31,,,,,,,,,,,,
minoraverages/1915Reach,1914,American Association,hemphill,F20620,Hemphill,,0,St. Paul,,,,,,,,,30,,,,,,
minoraverages/1915Reach,1914,American Association,hillyard,B00469,Hillyard,,0,Cleveland,,,66,,,,,,,,,,,,
minoraverages/1915Reach,1914,American Association,hillyard,F20841,Hillyard,,0,Cleveland,,,,,,,,,60,,,,,,
minoraverages/1915Reach,1914,American Association,hinchman.w,B00013,Hinchman,W.,0,Columbus,,,163,,,,,,,,,,,,
minoraverages/1915Reach,1914,American Association,hinchman.h,B00614,Hinchman,H.,0,St. Paul,,,164,,,,,,,,,,,,
minoraverages/1915Reach,1914,American Association,hinchman.h,F20189,Hinchman,H.,0,St. Paul,,,,,,164,,,,,,,,,
minoraverages/1915Reach,1914,American Association,hinchman.w,F20699,Hinchman,W.,0,Columbus,,,,,,,,,163,,,,,,
minoraverages/1915Reach,1914,American Association,hoffer,P10100,Hoffer,,0,Cleveland,,,,7,,,,,,,,,,,
minoraverages/1915Reach,1914,American Association,hoffer,P11560,Hoffer,,0,Cleveland,,,,7,,,,,,,,,,,
minoraverages/1915Reach,1914,American Association,hogue,B01321,Hogue,,0,Minneapolis,,,44,,,,,,,,,,,,
minoraverages/1915Reach,1914,American Association,hogue,F21293,Hogue,,0,Minneapolis,,,,,,,,,,,,,,42,
minoraverages/1915Reach,1914,American Association,hogue,P10588,Hogue,,0,Minneapolis,,,,48,,,,,,,,,,,
minoraverages/1915Reach,1914,American Association,hogue,P10982,Hogue,,0,Minneapolis,,,,48,,,,,,,,,,,
minoraverages/1915Reach,1914,American Association,hopper,B01368,Hopper,,0,St. Paul,,,35,,,,,,,,,,,,
minoraverages/1915Reach,1914,American Association,hopper,F21149,Hopper,,0,St. Paul,,,,,,,,,,,,,,34,
minoraverages/1915Reach,1914,American Association,hopper,P10441,Hopper,,0,St. Paul,,,,37,,,,,,,,,,,
minoraverages/1915Reach,1914,American Association,hopper,P11023,Hopper,,0,St. Paul,,,,37,,,,,,,,,,,
minoraverages/1915Reach,1914,American Association,hovlik,B01415,Hovlik,,0,Milwaukee,,,46,,,,,,,,,,,,
minoraverages/1915Reach,1914,American Association,hovlik,F21286,Hovlik,,0,Milwaukee,,,,,,,,,,,,,,46,
minoraverages/1915Reach,1914,American Association,hovlik,P10043,Hovlik,,0,Milwaukee,,,,47,,,,,,,,,,,
minoraverages/1915Reach,1914,American Association,hovlik,P10847,Hovlik,,0,Milwaukee,,,,47,,,,,,,,,,,
minoraverages/1915Reach,1914,American Association,hughes,B00577,Hughes,,0,Milwaukee,,,153,,,,,,,,,,,,
minoraverages/1915Reach,1914,American Association,hughes,F21590,Hughes,,0,Milwaukee,,,,,,,,,,,,,151,,
minoraverages/1915Reach,1914,American Association,humphrey,P10516,Humphrey,,0,Columbus,,,,12,,,,,,,,,,,
minoraverages/1915Reach,1914,American Association,humphrey,P11375,Humphrey,,0,Columbus,,,,12,,,,,,,,,,,
minoraverages/1915Reach,1914,American Association,hunter,B00936,Hunter,,0,Minneapolis,,,141,,,,,,,,,,,,
minoraverages/1915Reach,1914,American Association,hunter,F20102,Hunter,,0,Minneapolis,,,,,141,,,,,,,,,,
minoraverages/1915Reach,1914,American Association,ingersoll,B01477,Ingersoll,,1,Columbus,,,,,,,,,,,,,,,
minoraverages/1915Reach,1914,American Association,ingersoll,B01477,Ingersoll,,2,Minneapolis,,,,,,,,,,,,,,,
minoraverages/1915Reach,1914,American Association,ingersoll,B01477,Ingersoll,,T,,,,24,,,,,,,,,,,,
minoraverages/1915Reach,1914,American Association,ingersoll,F21528,Ingersoll,,1,Columbus,,,,,,,,,,,,,,yes,
minoraverages/1915Reach,1914,American Association,ingersoll,F21528,Ingersoll,,2,Minneapolis,,,,,,,,,,,,,,yes,
minoraverages/1915Reach,1914,American Association,ingersoll,F21528,Ingersoll,,T,,,,,,,,,,,,,,,24,
minoraverages/1915Reach,1914,American Association,ingersoll,P10385,Ingersoll,,1,Columbus,,,,,,,,,,,,,,,
minoraverages/1915Reach,1914,American Association,ingersoll,P10385,Ingersoll,,2,Minneapolis,,,,,,,,,,,,,,,
minoraverages/1915Reach,1914,American Association,ingersoll,P10385,Ingersoll,,T,,,,,26,,,,,,,,,,,
minoraverages/1915Reach,1914,American Association,ingersoll,P11131,Ingersoll,,1,Columbus,,,,,,,,,,,,,,,
minoraverages/1915Reach,1914,American Association,ingersoll,P11131,Ingersoll,,2,Minneapolis,,,,,,,,,,,,,,,
minoraverages/1915Reach,1914,American Association,ingersoll,P11131,Ingersoll,,T,,,,,26,,,,,,,,,,,
minoraverages/1915Reach,1914,American Association,ingerton,B00783,Ingerton,,0,Louisville,,,153,,,,,,,,,,,,
minoraverages/1915Reach,1914,American Association,ingerton,F20131,Ingerton,,0,Louisville,,,,,26,,,,,,,,,,
minoraverages/1915Reach,1914,American Association,ingerton,F20878,Ingerton,,0,Louisville,,,,,,,,,120,,,,,,
minoraverages/1915Reach,1914,American Association,james-sp,B00450,James,,0,St. Paul,,,104,,,,,,,,,,,,
minoraverages/1915Reach,1914,American Association,james-cle,B01514,James,,0,Cleveland,,,18,,,,,,,,,,,,
minoraverages/1915Reach,1914,American Association,james-cle,F21491,James,,0,Cleveland,,,,,,,,,,,,,,17,
minoraverages/1915Reach,1914,American Association,james-sp,F21638,James,,0,St. Paul,,,,,,,,,,,,,80,,
minoraverages/1915Reach,1914,American Association,james-cle,P10024,James,W.,0,Cleveland,,,,19,,,,,,,,,,,
minoraverages/1915Reach,1914,American Association,james-cle,P11233,James,W.,0,Cleveland,,,,19,,,,,,,,,,,
minoraverages/1915Reach,1914,American Association,johns,B00343,Johns,,0,Columbus,,,152,,,,,,,,,,,,
minoraverages/1915Reach,1914,American Association,johnson,B00948,Johnson,,0,St. Paul,,,45,,,,,,,,,,,,
minoraverages/1915Reach,1914,American Association,johnson,F20298,Johnson,,0,St. Paul,,,,,,,36,,,,,,,,
minoraverages/1915Reach,1914,American Association,johns,F20401,Johnson,,0,Columbus,,,,,,,151,,,,,,,,
minoraverages/1915Reach,1914,American Association,jones.t,B00833,Jones,T.,0,Milwaukee,,,163,,,,,,,,,,,,
minoraverages/1915Reach,1914,American Association,jones.j,B01064,Jones,J.,1,Columbus,,,,,,,,,,,,,,,
minoraverages/1915Reach,1914,American Association,jones.j,B01064,Jones,J.,2,Milwaukee,,,,,,,,,,,,,,,
minoraverages/1915Reach,1914,American Association,jones.j,B01064,Jones,J.,T,,,,65,,,,,,,,,,,,
minoraverages/1915Reach,1914,American Association,jones.s,B01551,Jones,S.,0,Cleveland,,,18,,,,,,,,,,,,
minoraverages/1915Reach,1914,American Association,jones.t,F20115,Jones,T.,0,Milwaukee,,,,,163,,,,,,,,,,
minoraverages/1915Reach,1914,American Association,jones.j,F20776,Jones,J.,1,Columbus,,,,,,,,,yes,,,,,,
minoraverages/1915Reach,1914,American Association,jones.j,F20776,Jones,J.,2,Milwaukee,,,,,,,,,yes,,,,,,
minoraverages/1915Reach,1914,American Association,jones.j,F20776,Jones,J.,T,,,,,,,,,,54,,,,,,
minoraverages/1915Reach,1914,American Association,jones.s,F21125,Jones,S.,0,Cleveland,,,,,,,,,,,,,,18,
minoraverages/1915Reach,1914,American Association,jones.s,P10035,Jones,S.,0,Cleveland,,,,23,,,,,,,,,,,
minoraverages/1915Reach,1914,American Association,jones.s,P11254,Jones,S.,0,Cleveland,,,,23,,,,,,,,,,,
minoraverages/1915Reach,1914,American Association,kahler,B01489,Kahler,,0,Cleveland,,,34,,,,,,,,,,,,
minoraverages/1915Reach,1914,American Association,kahler,F21324,Kahler,,0,Cleveland,,,,,,,,,,,,,,34,
minoraverages/1915Reach,1914,American Association,kahler,P10145,Kahler,,0,Cleveland,,,,38,,,,,,,,,,,
minoraverages/1915Reach,1914,American Association,kahler,P10974,Kahler,,0,Cleveland,,,,38,,,,,,,,,,,
minoraverages/1915Reach,1914,American Association,karger,B01108,Karger,,0,St. Paul,,,45,,,,,,,,,,,,
minoraverages/1915Reach,1914,American Association,karger,F21403,Karger,,0,St. Paul,,,,,,,,,,,,,,31,
minoraverages/1915Reach,1914,American Association,karger,P10640,Karger,,0,St. Paul,,,,33,,,,,,,,,,,
minoraverages/1915Reach,1914,American Association,karger,P10996,Karger,,0,St. Paul,,,,33,,,,,,,,,,,
minoraverages/1915Reach,1914,American Association,kelleher,B01227,Kelleher,,0,Indianapolis,,,115,,,,,,,,,,,,
minoraverages/1915Reach,1914,American Association,kelleher,F20539,Kelleher,,0,Indianapolis,,,,,,,,100,,,,,,,
minoraverages/1915Reach,1914,American Association,killifer,B00037,Killifer,,0,Minneapolis,,,118,,,,,,,,,,,,
minoraverages/1915Reach,1914,American Association,killifer,F20287,Killifer,,0,Minneapolis,,,,,,15,,,,,,,,,
minoraverages/1915Reach,1914,American Association,killifer,F20685,Killifer,,0,Minneapolis,,,,,,,,,103,,,,,,
minoraverages/1915Reach,1914,American Association,kirke,B00021,Kirke,,0,Cleveland,,,74,,,,,,,,,,,,
minoraverages/1915Reach,1914,American Association,kirke,F20080,Kirke,,0,Cleveland,,,,,46,,,,,,,,,,
minoraverages/1915Reach,1914,American Association,kirke,F20673,Kirke,,0,Cleveland,,,,,,,,,24,,,,,,
minoraverages/1915Reach,1914,American Association,knight,B00229,Knight,,0,Cleveland,,,135,,,,,,,,,,,,
minoraverages/1915Reach,1914,American Association,knight,F20474,Knight,,0,Cleveland,,,,,,,,132,,,,,,,
minoraverages/1915Reach,1914,American Association,lake,B00076,Lake,,0,Minneapolis,,,86,,,,,,,,,,,,
minoraverages/1915Reach,1914,American Association,lake,F20829,Lake,,0,Minneapolis,,,,,,,,,29,,,,,,
minoraverages/1915Reach,1914,American Association,lake,F21158,Lake,,0,Minneapolis,,,,,,,,,,,,,,35,
minoraverages/1915Reach,1914,American Association,lake,P10304,Lake,,0,Minneapolis,,,,37,,,,,,,,,,,
minoraverages/1915Reach,1914,American Association,lake,P10901,Lake,,0,Minneapolis,,,,37,,,,,,,,,,,
minoraverages/1915Reach,1914,American Association,laroy,B00726,Laroy,,0,Indianapolis,,,44,,,,,,,,,,,,
minoraverages/1915Reach,1914,American Association,laroy,F21397,Laroy,,0,Indianapolis,,,,,,,,,,,,,,35,
minoraverages/1915Reach,1914,American Association,laroy,P10231,Laroy,,0,Indianapolis,,,,44,,,,,,,,,,,
minoraverages/1915Reach,1914,American Association,laroy,P11067,Laroy,,0,Indianapolis,,,,44,,,,,,,,,,,
minoraverages/1915Reach,1914,American Association,larson,P10746,Larson,,0,St. Paul,,,,5,,,,,,,,,,,
minoraverages/1915Reach,1914,American Association,larson,P11463,Larson,,0,St. Paul,,,,5,,,,,,,,,,,
minoraverages/1915Reach,1914,American Association,lelivelt,B00324,Lelivelt,,0,Cleveland,,,92,,,,,,,,,,,,
minoraverages/1915Reach,1914,American Association,lelivelt,F20128,Lelivelt,,0,Cleveland,,,,,92,,,,,,,,,,
minoraverages/1915Reach,1914,American Association,leverette,B00125,Leverette,,0,Louisville,,,15,,,,,,,,,,,,
minoraverages/1915Reach,1914,American Association,leverette,P10795,Leverette,,0,Louisville,,,,19,,,,,,,,,,,
minoraverages/1915Reach,1914,American Association,leverette,P11327,Leverette,,0,Louisville,,,,19,,,,,,,,,,,
minoraverages/1915Reach,1914,American Association,lewis,B00319,Lewis,,0,Milwaukee,,,160,,,,,,,,,,,,
minoraverages/1915Reach,1914,American Association,lewis,F20233,Lewis,,0,Milwaukee,,,,,,156,,,,,,,,,
minoraverages/1915Reach,1914,American Association,livingston,B00130,Livingston,,0,Indianapolis,,,124,,,,,,,,,,,,
minoraverages/1915Reach,1914,American Association,livingston,F21577,Livingston,,0,Indianapolis,,,,,,,,,,,,,109,,
minoraverages/1915Reach,1914,American Association,loudermilk,B01124,Loudermilk,,0,Louisville,,,39,,,,,,,,,,,,
minoraverages/1915Reach,1914,American Association,loudermilk,F21210,Loudermilk,,0,Louisville,,,,,,,,,,,,,,39,
minoraverages/1915Reach,1914,American Association,loudermilk,P10070,Loudermilk,,0,Louisville,,,,42,,,,,,,,,,,
minoraverages/1915Reach,1914,American Association,loudermilk,P10883,Loudermilk,,0,Louisville,,,,42,,,,,,,,,,,
minoraverages/1915Reach,1914,American Association,lush,B01032,Lush,,0,Cleveland,,,25,,,,,,,,,,,,
minoraverages/1915Reach,1914,American Association,lush,P10698,Lush,,0,Cleveland,,,,10,,,,,,,,,,,
minoraverages/1915Reach,1914,American Association,lush,P11342,Lush,,0,Cleveland,,,,10,,,,,,,,,,,
minoraverages/1915Reach,1914,American Association,mattick,B00553,Mattick,,0,Kansas City,,,137,,,,,,,,,,,,
minoraverages/1915Reach,1914,American Association,mattick,F20886,Mattick,,0,Kansas City,,,,,,,,,127,,,,,,
minoraverages/1915Reach,1914,American Association,mccarthy,B00771,McCarthy,,0,Indianapolis,,,41,,,,,,,,,,,,
minoraverages/1915Reach,1914,American Association,mccarthy,F20919,McCarthy,,0,Indianapolis,,,,,,,,,27,,,,,,
minoraverages/1915Reach,1914,American Association,mccormick,B00475,McCormick,,0,St. Paul,,,63,,,,,,,,,,,,
minoraverages/1915Reach,1914,American Association,mccormick,F20935,McCormick,,0,St. Paul,,,,,,,,,56,,,,,,
minoraverages/1915Reach,1914,American Association,mccoy,P10665,McCoy,,0,Kansas City,,,,13,,,,,,,,,,,
minoraverages/1915Reach,1914,American Association,mccoy,P11334,McCoy,,0,Kansas City,,,,13,,,,,,,,,,,
minoraverages/1915Reach,1914,American Association,mcgraw,B01250,McGraw,,0,Milwaukee,,,48,,,,,,,,,,,,
minoraverages/1915Reach,1914,American Association,mcgraw,F21718,McGraw,,0,Milwaukee,,,,,,,,,,,,,32,,
minoraverages/1915Reach,1914,American Association,mclarry,B00174,McLarry,,0,Louisville,,,157,,,,,,,,,,,,
minoraverages/1915Reach,1914,American Association,mclarry,F20254,McLarry,,0,Louisville,,,,,,155,,,,,,,,,
minoraverages/1915Reach,1914,American Association,mcnally,B00705,McNally,,0,St. Paul,,,110,,,,,,,,,,,,
minoraverages/1915Reach,1914,American Association,mcnally,F20496,McNally,,0,St. Paul,,,,,,,,110,,,,,,,
minoraverages/1915Reach,1914,American Association,mcvaugh,P10714,McVaugh,,0,Columbus,,,,9,,,,,,,,,,,
minoraverages/1915Reach,1914,American Association,mcvaugh,P11505,McVaugh,,0,Columbus,,,,9,,,,,,,,,,,
minoraverages/1915Reach,1914,American Association,merz,B01384,Merz,,0,Indianapolis,,,45,,,,,,,,,,,,
minoraverages/1915Reach,1914,American Association,merz,F21319,Merz,,0,Indianapolis,,,,,,,,,,,,,,43,
minoraverages/1915Reach,1914,American Association,merz,P10410,Merz,,0,Indianapolis,,,,48,,,,,,,,,,,
minoraverages/1915Reach,1914,American Association,merz,P11038,Merz,,0,Indianapolis,,,,48,,,,,,,,,,,
minoraverages/1915Reach,1914,American Association,metz,B00293,Metz,,0,Indianapolis,,,169,,,,,,,,,,,,
minoraverages/1915Reach,1914,American Association,metz,F20067,Metz,,0,Indianapolis,,,,,169,,,,,,,,,,
minoraverages/1915Reach,1914,American Association,midkiff,B00566,Midkiff,,0,Louisville,,,69,,,,,,,,,,,,
minoraverages/1915Reach,1914,American Association,midkiff,F20449,Midkiff,,0,Louisville,,,,,,,55,,,,,,,,
minoraverages/1915Reach,1914,American Association,miller,B00149,Miller,,0,Columbus,,,155,,,,,,,,,,,,
minoraverages/1915Reach,1914,American Association,miller,F20072,Miller,,0,Columbus,,,,,142,,,,,,,,,,
minoraverages/1915Reach,1914,American Association,moore,B00638,Moore,,0,Kansas City,,,80,,,,,,,,,,,,
minoraverages/1915Reach,1914,American Association,moore,F21646,Moore,,0,Kansas City,,,,,,,,,,,,,70,,
minoraverages/1915Reach,1914,American Association,morgan,B01242,Morgan,,0,Kansas City,,,18,,,,,,,,,,,,
minoraverages/1915Reach,1914,American Association,morgan,F21117,Morgan,,0,Kansas City,,,,,,,,,,,,,,18,
minoraverages/1915Reach,1914,American Association,morgan,P10679,Morgan,,0,Kansas City,,,,22,,,,,,,,,,,
minoraverages/1915Reach,1914,American Association,morgan,P11265,Morgan,,0,Kansas City,,,,22,,,,,,,,,,,
minoraverages/1915Reach,1914,American Association,murray,B00672,Murray,,0,St. Paul,,,74,,,,,,,,,,,,
minoraverages/1915Reach,1914,American Association,murray,F20810,Murray,,0,St. Paul,,,,,,,,,74,,,,,,
minoraverages/1915Reach,1914,American Association,neale,B01041,Neale,,0,Cleveland,,,18,,,,,,,,,,,,
minoraverages/1915Reach,1914,American Association,neale,F21068,Neale,,0,Cleveland,,,,,,,,,17,,,,,,
minoraverages/1915Reach,1914,American Association,nelson,P10407,Nelson,,0,Minneapolis,,,,9,,,,,,,,,,,
minoraverages/1915Reach,1914,American Association,nelson,P11518,Nelson,,0,Minneapolis,,,,9,,,,,,,,,,,
minoraverages/1915Reach,1914,American Association,nifnecker,B00985,Nifnecker,,0,St. Paul,,,21,,,,,,,,,,,,
minoraverages/1915Reach,1914,American Association,nifnecker,F20571,Nifnecker,,0,St. Paul,,,,,,,,21,,,,,,,
minoraverages/1915Reach,1914,American Association,niles,B00278,Niles,,0,St. Paul,,,147,,,,,,,,,,,,
minoraverages/1915Reach,1914,American Association,niles,F20518,Niles,,0,St. Paul,,,,,,,,31,,,,,,,
minoraverages/1915Reach,1914,American Association,niles,F20893,Niles,,0,St. Paul,,,,,,,,,100,,,,,,
minoraverages/1915Reach,1914,American Association,northrop,F21163,Northrop,,0,Louisville,,,,,,,,,,,,,,45,
minoraverages/1915Reach,1914,American Association,northrop,P10826,Northrop,,0,Louisville,,,,46,,,,,,,,,,,
minoraverages/1915Reach,1914,American Association,northrop,B01431,Northrup,,0,Louisville,,,45,,,,,,,,,,,,
minoraverages/1915Reach,1914,American Association,northrop,P10184,Northrup,,0,Louisville,,,,46,,,,,,,,,,,
minoraverages/1915Reach,1914,American Association,obrien,P10723,O'Brien,,0,Indianapolis,,,,8,,,,,,,,,,,
minoraverages/1915Reach,1914,American Association,obrien,P11417,O'Brien,,0,Indianapolis,,,,8,,,,,,,,,,,
minoraverages/1915Reach,1914,American Association,orourke,B01162,O'Rourke,,0,St. Paul,,,143,,,,,,,,,,,,
minoraverages/1915Reach,1914,American Association,orourke,F20350,O'Rourke,,0,St. Paul,,,,,,,119,,,,,,,,
minoraverages/1915Reach,1914,American Association,osborn,B00667,Osborn,,0,Louisville,,,170,,,,,,,,,,,,
minoraverages/1915Reach,1914,American Association,osborn,F20648,Osborn,,0,Louisville,,,,,,,,,170,,,,,,
minoraverages/1915Reach,1914,American Association,paddock,B00442,Paddock,,0,St. Paul,,,122,,,,,,,,,,,,
minoraverages/1915Reach,1914,American Association,paddock,F20956,Paddock,,0,St. Paul,,,,,,,,,117,,,,,,
minoraverages/1915Reach,1914,American Association,patterson,B01444,Patterson,,0,Minneapolis,,,21,,,,,,,,,,,,
minoraverages/1915Reach,1914,American Association,patterson,F21092,Patterson,,0,Minneapolis,,,,,,,,,,,,,,20,
minoraverages/1915Reach,1914,American Association,patterson,P10290,Patterson,,0,Minneapolis,,,,21,,,,,,,,,,,
minoraverages/1915Reach,1914,American Association,patterson,P11166,Patterson,,0,Minneapolis,,,,21,,,,,,,,,,,
minoraverages/1915Reach,1914,American Association,paulette,B00973,Paulette,,0,Cleveland,,,22,,,,,,,,,,,,
minoraverages/1915Reach,1914,American Association,paulette,F20095,Paulette,,0,Cleveland,,,,,22,,,,,,,,,,
minoraverages/1915Reach,1914,American Association,perry,B01538,Perry,,0,Louisville,,,15,,,,,,,,,,,,
minoraverages/1915Reach,1914,American Association,perry,F21381,Perry,,0,Louisville,,,,,,,,,,,,,,15,
minoraverages/1915Reach,1914,American Association,perry,P10654,Perry,,0,Louisville,,,,21,,,,,,,,,,,
minoraverages/1915Reach,1914,American Association,perry,P11303,Perry,,0,Louisville,,,,21,,,,,,,,,,,
minoraverages/1915Reach,1914,American Association,pfeffer,B01359,Pfeffer,,0,Kansas City,,,32,,,,,,,,,,,,
minoraverages/1915Reach,1914,American Association,pfeffer,F20560,Pfeffer,,0,Kansas City,,,,,,,,32,,,,,,,
minoraverages/1915Reach,1914,American Association,powell,B00241,Powell,,0,Milwaukee,,,15,,,,,,,,,,,,
minoraverages/1915Reach,1914,American Association,powell,F21488,Powell,,0,Milwaukee,,,,,,,,,,,,,,15,
minoraverages/1915Reach,1914,American Association,powell,P10503,Powell,,0,Milwaukee,,,,22,,,,,,,,,,,
minoraverages/1915Reach,1914,American Association,powell,P11279,Powell,,0,Milwaukee,,,,22,,,,,,,,,,,
minoraverages/1915Reach,1914,American Association,randall,B00117,Randall,,0,Milwaukee,,,168,,,,,,,,,,,,
minoraverages/1915Reach,1914,American Association,randall,F21045,Randall,,0,Milwaukee,,,,,,,,,168,,,,,,
minoraverages/1915Reach,1914,American Association,rath,B00068,Rath,,0,Kansas City,,,167,,,,,,,,,,,,
minoraverages/1915Reach,1914,American Association,rath,F20153,Rath,,0,Kansas City,,,,,,155,,,,,,,,,
minoraverages/1915Reach,1914,American Association,regan,B01269,Regan,,0,Kansas City,,,28,,,,,,,,,,,,
minoraverages/1915Reach,1914,American Association,regan,F21207,Regan,,0,Kansas City,,,,,,,,,,,,,,26,
minoraverages/1915Reach,1914,American Association,regan,P10687,Regan,,0,Kansas City,,,,29,,,,,,,,,,,
minoraverages/1915Reach,1914,American Association,regan,P11102,Regan,,0,Kansas City,,,,29,,,,,,,,,,,
minoraverages/1915Reach,1914,American Association,reilley,B00718,Reilley,,0,Indianapolis,,,137,,,,,,,,,,,,
minoraverages/1915Reach,1914,American Association,reilley,F20636,Reilley,,0,Indianapolis,,,,,,,,,135,,,,,,
minoraverages/1915Reach,1914,American Association,reilly,B01010,Reilly,T.,0,Cleveland,,,57,,,,,,,,,,,,
minoraverages/1915Reach,1914,American Association,reilly,F20316,Reilly,T.,0,Cleveland,,,,,,,38,,,,,,,,
minoraverages/1915Reach,1914,American Association,richie,B01572,Richie,,0,Kansas City,,,18,,,,,,,,,,,,
minoraverages/1915Reach,1914,American Association,richie,F21469,Richie,,0,Kansas City,,,,,,,,,,,,,,18,
minoraverages/1915Reach,1914,American Association,richie,P10591,Richie,,0,Kansas City,,,,21,,,,,,,,,,,
minoraverages/1915Reach,1914,American Association,richie,P11240,Richie,,0,Kansas City,,,,21,,,,,,,,,,,
minoraverages/1915Reach,1914,American Association,robertson,B01156,Robertson,,0,Columbus,,,29,,,,,,,,,,,,
minoraverages/1915Reach,1914,American Association,robertson,F21705,Robertson,,0,Columbus,,,,,,,,,,,,,27,,
minoraverages/1915Reach,1914,American Association,rondeau,B00210,Rondeau,,0,Minneapolis,,,150,,,,,,,,,,,,
minoraverages/1915Reach,1914,American Association,rondeau,F20721,Rondeau,,0,Minneapolis,,,,,,,,,82,,,,,,
minoraverages/1915Reach,1914,American Association,rondeau,F21609,Rondeau,,0,Minneapolis,,,,,,,,,,,,,64,,
minoraverages/1915Reach,1914,American Association,rossman,B00806,Rossman,,0,Minneapolis,,,101,,,,,,,,,,,,
minoraverages/1915Reach,1914,American Association,rossman,F20943,Rossman,,0,Minneapolis,,,,,,,,,94,,,,,,
minoraverages/1915Reach,1914,American Association,roth,B00335,Roth,,0,Kansas City,,,123,,,,,,,,,,,,
minoraverages/1915Reach,1914,American Association,roth,F20970,Roth,,0,Kansas City,,,,,,,,,114,,,,,,
minoraverages/1915Reach,1914,American Association,schardt,B01203,Schardt,,0,Indianapolis,,,33,,,,,,,,,,,,
minoraverages/1915Reach,1914,American Association,schardt,F21362,Schardt,,0,Indianapolis,,,,,,,,,,,,,,33,
minoraverages/1915Reach,1914,American Association,schardt,P10121,Schardt,,0,Indianapolis,,,,34,,,,,,,,,,,
minoraverages/1915Reach,1914,American Association,schardt,P11009,Schardt,,0,Indianapolis,,,,34,,,,,,,,,,,
minoraverages/1915Reach,1914,American Association,scheneberg,B01291,Scheneberg,,0,Columbus,,,32,,,,,,,,,,,,
minoraverages/1915Reach,1914,American Association,scheneberg,F21343,Scheneberg,,0,Columbus,,,,,,,,,,,,,,31,
minoraverages/1915Reach,1914,American Association,scheneberg,P10277,Scheneberg,,0,Cleveland,,,,35,,,,,,,,,,,
minoraverages/1915Reach,1914,American Association,scheneberg,P11014,Scheneberg,,0,Cleveland,,,,35,,,,,,,,,,,
minoraverages/1915Reach,1914,American Association,severeid,B00163,Severeid,,0,Louisville,,,143,,,,,,,,,,,,
minoraverages/1915Reach,1914,American Association,severeid,F21589,Severeid,,0,Louisville,,,,,,,,,,,,,125,,
minoraverages/1915Reach,1914,American Association,shackelford,B01216,Shackelford,,0,Milwaukee,,,20,,,,,,,,,,,,
minoraverages/1915Reach,1914,American Association,shackelford,F21515,Shackelford,,0,Milwaukee,,,,,,,,,,,,,,20,
minoraverages/1915Reach,1914,American Association,shackelford,P11222,Shackelford,,0,Milwaukee,,,,23,,,,,,,,,,,
minoraverages/1915Reach,1914,American Association,shackelford,P10097,Shackleford,,0,Milwaukee,,,,23,,,,,,,,,,,
minoraverages/1915Reach,1914,American Association,sheckard,B00794,Sheckard,,0,Cleveland,,,119,,,,,,,,,,,,
minoraverages/1915Reach,1914,American Association,sheckard,F20661,Sheckard,,0,Cleveland,,,,,,,,,115,,,,,,
minoraverages/1915Reach,1914,American Association,sheehan,B00491,Sheehan,,0,Milwaukee,,,16,,,,,,,,,,,,
minoraverages/1915Reach,1914,American Association,shelton,B00811,Shelton,,0,Columbus,,,132,,,,,,,,,,,,
minoraverages/1915Reach,1914,American Association,shelton,F20612,Shelton,,0,Columbus,,,,,,,,,131,,,,,,
minoraverages/1915Reach,1914,American Association,shovlin,B01055,Shovlin,,0,Columbus,,,17,,,,,,,,,,,,
minoraverages/1915Reach,1914,American Association,shovlin,F20222,Shovlin,,0,Columbus,,,,,,15,,,,,,,,,
minoraverages/1915Reach,1914,American Association,slapnicka,B01546,Slapnicka,,0,Milwaukee,,,29,,,,,,,,,,,,
minoraverages/1915Reach,1914,American Association,slapnicka,F21502,Slapnicka,,0,Milwaukee,,,,,,,,,,,,,,26,
minoraverages/1915Reach,1914,American Association,slapnicka,P10429,Slapnicka,,0,Milwaukee,,,,28,,,,,,,,,,,
minoraverages/1915Reach,1914,American Association,slapnicka,P11177,Slapnicka,,0,Milwaukee,,,,28,,,,,,,,,,,
minoraverages/1915Reach,1914,American Association,smith-cle,B00207,Smith,,0,Cleveland,,,23,,,,,,,,,,,,
minoraverages/1915Reach,1914,American Association,smith-col,B00434,Smith,S.,0,Columbus,,,148,,,,,,,,,,,,
minoraverages/1915Reach,1914,American Association,smith-min,B01170,Smith,W.,0,Minneapolis,,,109,,,,,,,,,,,,
minoraverages/1915Reach,1914,American Association,smith-cle,F20864,Smith,,0,Cleveland,,,,,,,,,23,,,,,,
minoraverages/1915Reach,1914,American Association,smith-col,F21566,Smith,S.,0,Columbus,,,,,,,,,,,,,146,,
minoraverages/1915Reach,1914,American Association,smith-min,F21651,Smith,W.,0,Minneapolis,,,,,,,,,,,,,105,,
minoraverages/1915Reach,1914,American Association,southworth,B00760,Southworth,,0,Cleveland,,,139,,,,,,,,,,,,
minoraverages/1915Reach,1914,American Association,southworth,F20855,Southworth,,0,Cleveland,,,,,,,,,138,,,,,,
minoraverages/1915Reach,1914,American Association,spellman,B00589,Spellman,,0,Cleveland,,,15,,,,,,,,,,,,
minoraverages/1915Reach,1914,American Association,stansbury,B00502,Stansbury,,0,Louisville,,,160,,,,,,,,,,,,
minoraverages/1915Reach,1914,American Association,stansbury,F20425,Stansbury,,0,Louisville,,,,,,,36,,,,,,,,
minoraverages/1915Reach,1914,American Association,stansbury,F20768,Stansbury,,0,Louisville,,,,,,,,,109,,,,,,
minoraverages/1915Reach,1914,American Association,stumpf,B00427,Stumpf,,0,Cleveland,,,132,,,,,,,,,,,,
minoraverages/1915Reach,1914,American Association,stumpf,F20177,Stumpf,,0,Cleveland,,,,,,52,,,,,,,,,
minoraverages/1915Reach,1914,American Association,stumpf,F20430,Stumpf,,0,Cleveland,,,,,,,62,,,,,,,,
minoraverages/1915Reach,1914,American Association,stumpf,F20594,Stumpf,,0,Cleveland,,,,,,,,15,,,,,,,
minoraverages/1915Reach,1914,American Association,tannehill,B00531,Tannehill,,0,Minneapolis,,,170,,,,,,,,,,,,
minoraverages/1915Reach,1914,American Association,tannehill,F20334,Tannehill,,0,Minneapolis,,,,,,,170,,,,,,,,
minoraverages/1915Reach,1914,American Association,taylor.w,P10019,Taylor,W.,0,Louisville,,,,7,,,,,,,,,,,
minoraverages/1915Reach,1914,American Association,taylor.b,P10767,Taylor,B.,0,Columbus,,,,12,,,,,,,,,,,
minoraverages/1915Reach,1914,American Association,taylor.b,P11369,Taylor,B.,0,Columbus,,,,12,,,,,,,,,,,
minoraverages/1915Reach,1914,American Association,taylor.w,P11458,Taylor,W.,0,Louisville,,,,7,,,,,,,,,,,
minoraverages/1915Reach,1914,American Association,thompson,B01337,Thompson,,0,Columbus,,,29,,,,,,,,,,,,
minoraverages/1915Reach,1914,American Association,thompson,F20038,Thompson,,0,Columbus,,,,,24,,,,,,,,,,
minoraverages/1915Reach,1914,American Association,titus,B00045,Titus,,0,Kansas City,,,98,,,,,,,,,,,,
minoraverages/1915Reach,1914,American Association,titus,F21037,Titus,,0,Kansas City,,,,,,,,,96,,,,,,
minoraverages/1915Reach,1914,American Association,toney,B01313,Toney,,0,Louisville,,,45,,,,,,,,,,,,
minoraverages/1915Reach,1914,American Association,toney,F21475,Toney,,0,Louisville,,,,,,,,,,,,,,45,
minoraverages/1915Reach,1914,American Association,toney,P10215,Toney,,0,Louisville,,,,49,,,,,,,,,,,
minoraverages/1915Reach,1914,American Association,toney,P10852,Toney,,0,Louisville,,,,49,,,,,,,,,,,
minoraverages/1915Reach,1914,American Association,uhler,B00609,Uhler,,0,Minneapolis,,,70,,,,,,,,,,,,
minoraverages/1915Reach,1914,American Association,uhler,F20759,Uhler,,0,Minneapolis,,,,,,,,,70,,,,,,
minoraverages/1915Reach,1914,American Association,walker,B01345,Walker,,0,St. Paul,,,47,,,,,,,,,,,,
minoraverages/1915Reach,1914,American Association,walker,F21427,Walker,,0,St. Paul,,,,,,,,,,,,,,45,
minoraverages/1915Reach,1914,American Association,walker,P10486,Walker,,0,St. Paul,,,,50,,,,,,,,,,,
minoraverages/1915Reach,1914,American Association,walker,P10818,Walker,,0,St. Paul,,,,50,,,,,,,,,,,
minoraverages/1915Reach,1914,American Association,weinberg,B00651,Weinberg,,0,Louisville,,,154,,,,,,,,,,,,
minoraverages/1915Reach,1914,American Association,weinberg,F20051,Weinberg,,0,Louisville,,,,,151,,,,,,,,,,
minoraverages/1915Reach,1914,American Association,whelan,B01119,Whelan,,0,Minneapolis,,,79,,,,,,,,,,,,
minoraverages/1915Reach,1914,American Association,whelan,F20745,Whelan,,0,Minneapolis,,,,,,,,,68,,,,,,
minoraverages/1915Reach,1914,American Association,wilie,B00182,Wilie,,0,Cleveland,,,122,,,,,,,,,,,,
minoraverages/1915Reach,1914,American Association,wilie,F20981,Wilie,,0,Cleveland,,,,,,,,,122,,,,,,
minoraverages/1915Reach,1914,American Association,williams,B00403,Williams,,0,Minneapolis,,,146,,,,,,,,,,,,
minoraverages/1915Reach,1914,American Association,williams,F20144,Williams,,0,Minneapolis,,,,,,143,,,,,,,,,
minoraverages/1915Reach,1914,American Association,willis,B01143,Willis,,0,Indianapolis,,,37,,,,,,,,,,,,
minoraverages/1915Reach,1914,American Association,willis,F21232,Willis,,0,Indianapolis,,,,,,,,,,,,,,37,
minoraverages/1915Reach,1914,American Association,willis,P10871,Willis,J.,0,Indianapolis,,,,46,,,,,,,,,,,
minoraverages/1915Reach,1914,American Association,willis,P10056,Wills,J.,0,Indianapolis,,,,46,,,,,,,,,,,
minoraverages/1915Reach,1914,American Association,woodburn,P10611,Woodburn,,0,Louisville,,,,6,,,,,,,,,,,
minoraverages/1915Reach,1914,American Association,woodburn,P11552,Woodburn,,0,Louisville,,,,6,,,,,,,,,,,
minoraverages/1915Reach,1914,American Association,works,P10751,Works,,0,St. Paul,,,,9,,,,,,,,,,,
minoraverages/1915Reach,1914,American Association,works,P11547,Works,,0,St. Paul,,,,9,,,,,,,,,,,
minoraverages/1915Reach,1914,American Association,wortman,B01007,Wortman,,0,Kansas City,,,169,,,,,,,,,,,,
minoraverages/1915Reach,1914,American Association,wortman,F20369,Wortman,,0,Kansas City,,,,,,,28,,,,,,,,
minoraverages/1915Reach,1914,American Association,wortman,F20505,Wortman,,0,Kansas City,,,,,,,,141,,,,,,,
minoraverages/1915Reach,1914,American Association,young,B01392,Young,,0,Milwaukee,,,45,,,,,,,,,,,,
minoraverages/1915Reach,1914,American Association,young,F21174,Young,,0,Milwaukee,,,,,,,,,,,,,,45,
minoraverages/1915Reach,1914,American Association,young,P10081,Young,,0,Milwaukee,,,,47,,,,,,,,,,,
minoraverages/1915Reach,1914,American Association,young,P10860,Young,,0,Milwaukee,,,,47,,,,,,,,,,,
